features,name,new_price,old_price,rating,url
"Pojemność: 1000 GB, Interfejs: SATA III, Format: 3.5"", Prędkość obr.: 7200 obr./min",,,"175,00 zł","Ocena 5,44",https:/www.x-kom.pl/p/322520-dysk-hdd-toshiba-1tb-7200obr-64mb-p300-oem.html
"Pojemność: 1000 GB, Interfejs: SATA III, Format: 3.5"", Prędkość obr.: 7200 obr./min",,,"185,00 zł","Ocena 5,14",https:/www.x-kom.pl/p/81294-dysk-hdd-wd-1tb-7200obr-64mb-blue.html
"Pojemność: 1000 GB, Interfejs: SATA III, Format: 3.5"", Prędkość obr.: 7200 obr./min",,,"185,00 zł","Ocena 5,33",https:/www.x-kom.pl/p/335481-dysk-hdd-seagate-1tb-7200obr-64mb-barracuda.html
"Pojemność: 4000 GB, Interfejs: SATA III, Format: 3.5"", Prędkość obr.: IntelliPower",,,"555,00 zł","Ocena 5,57",https:/www.x-kom.pl/p/156834-dysk-hdd-wd-4tb-intellipower-64mb-red.html
"Pojemność: 3000 GB, Interfejs: SATA III, Format: 3.5"", Prędkość obr.: 7200 obr./min",,,"325,00 zł","Ocena 4,89",https:/www.x-kom.pl/p/323219-dysk-hdd-toshiba-3tb-7200obr-64mb-p300-oem.html
"Pojemność: 2000 GB, Interfejs: SATA III, Format: 3.5"", Prędkość obr.: 7200 obr./min",,,"269,00 zł","Ocena 5,71",https:/www.x-kom.pl/p/339357-dysk-hdd-toshiba-2tb-7200obr-64mb-p300-oem.html
"Pojemność: 2000 GB, Interfejs: SATA III, Format: 3.5"", Prędkość obr.: IntelliPower",,,"349,00 zł","Ocena 4,30",https:/www.x-kom.pl/p/103164-dysk-hdd-wd-2tb-intellipower-64mb-red.html
"Pojemność: 1000 GB, Interfejs: SATA III, Format: 2.5"", Prędkość obr.: 5400 obr./min",,,"205,00 zł","Ocena 6,00",https:/www.x-kom.pl/p/338374-dysk-hdd-seagate-1tb-25-5400obr-128mb-barracuda.html
"Pojemność: 2000 GB, Interfejs: SATA III, Format: 3.5"", Prędkość obr.: 7200 obr./min",,,"299,00 zł",Ten produkt czeka na Twoją opinię,https:/www.x-kom.pl/p/461759-dysk-hdd-seagate-2tb-7200obr-256mb-barracuda.html
"Pojemność: 3000 GB, Interfejs: SATA III, Format: 3.5"", Prędkość obr.: IntelliPower",,,"455,00 zł","Ocena 5,88",https:/www.x-kom.pl/p/103165-dysk-hdd-wd-3tb-intellipower-64mb-red.html
"Pojemność: 1000 GB, Interfejs: SATA III, Format: 3.5"", Prędkość obr.: 7200 obr./min",,,"189,00 zł","Ocena 5,47",https:/www.x-kom.pl/p/256541-dysk-hdd-toshiba-1tb-7200obr-64mb-p300.html
"Pojemność: 2000 GB, Interfejs: SATA III, Format: 3.5"", Prędkość obr.: 5400 obr./min",,,"299,00 zł","Ocena 6,00",https:/www.x-kom.pl/p/367206-dysk-hdd-wd-2tb-intellipower-64mb-purple.html
"Pojemność: 4000 GB, Interfejs: SATA III, Format: 3.5"", Prędkość obr.: 5900 obr./min",,,"545,00 zł","Ocena 5,60",https:/www.x-kom.pl/p/337228-dysk-hdd-seagate-4tb-5900obr-64mb-ironwolf.html
"Pojemność: 2000 GB, Interfejs: SATA III, Format: 3.5"", Prędkość obr.: 5900 obr./min",,,"339,00 zł","Ocena 4,33",https:/www.x-kom.pl/p/337230-dysk-hdd-seagate-2tb-5900obr-64mb-ironwolf.html
"Pojemność: 2000 GB, Interfejs: SATA III, Format: 3.5"", Prędkość obr.: 5400 obr./min",,,"269,00 zł","Ocena 5,29",https:/www.x-kom.pl/p/254254-dysk-hdd-wd-2tb-5400obr-64mb-blue.html
"Pojemność: 2000 GB, Interfejs: SATA III, Format: 3.5"", Prędkość obr.: 7200 obr./min",,,"275,00 zł","Ocena 5,88",https:/www.x-kom.pl/p/256543-dysk-hdd-toshiba-2tb-7200obr-64mb-p300.html
"Pojemność: 500 GB, Interfejs: SATA III, Format: 2.5"", Prędkość obr.: 5400 obr./min",,,"175,00 zł","Ocena 6,00",https:/www.x-kom.pl/p/335475-dysk-hdd-seagate-500gb-5400obr-128mb-barracuda.html
"Pojemność: 4000 GB, Interfejs: SATA III, Format: 3.5"", Prędkość obr.: 5400 obr./min",,,"509,00 zł","Ocena 5,50",https:/www.x-kom.pl/p/367208-dysk-hdd-wd-4tb-intellipower-64mb-purple.html
"Pojemność: 1000 GB, Interfejs: SATA III, Format: 3.5"", Prędkość obr.: IntelliPower",,,"279,00 zł","Ocena 5,50",https:/www.x-kom.pl/p/103163-dysk-hdd-wd-1tb-intellipower-64mb-red.html
"Pojemność: 1000 GB, Interfejs: SATA III, Format: 2.5"", Prędkość obr.: 7200 obr./min",,,"299,00 zł","Ocena 6,00",https:/www.x-kom.pl/p/305450-dysk-hdd-wd-1tb-7200obr-32mb-black.html
"Pojemność: 6000 GB, Interfejs: SATA III, Format: 3.5"", Prędkość obr.: IntelliPower",,,"869,00 zł",Ten produkt czeka na Twoją opinię,https:/www.x-kom.pl/p/204016-dysk-hdd-wd-6tb-intellipower-64mb-red.html
"Pojemność: 1000 GB, Interfejs: SATA III, Format: 2.5"", Prędkość obr.: 5400 obr./min",,,"209,00 zł",Ten produkt czeka na Twoją opinię,https:/www.x-kom.pl/p/424246-dysk-hdd-wd-1tb-5400obr-128mb-blue-7mm.html
"Pojemność: 1000 GB, Interfejs: SATA III, Format: 3.5"", Prędkość obr.: 5400 obr./min",,,"219,00 zł","Ocena 4,33",https:/www.x-kom.pl/p/367205-dysk-hdd-wd-1tb-intellipower-64mb-purple.html
"Pojemność: 1000 GB, Interfejs: SATA III, Format: 2.5"", Prędkość obr.: 5400 obr./min",,,"195,00 zł","Ocena 6,00",https:/www.x-kom.pl/p/387070-dysk-hdd-hitachi-1tb-travelstar-z5k1000-7mm-5400obr.html
"Pojemność: 2000 GB, Interfejs: SATA III, Format: 2.5"", Prędkość obr.: 5400 obr./min",,,"425,00 zł","Ocena 6,00",https:/www.x-kom.pl/p/339129-dysk-hdd-seagate-2tb-5400obr-128mb-25-sshd-firecuda.html
"Pojemność: 2000 GB, Interfejs: SATA III, Format: 2.5"", Prędkość obr.: 5400 obr./min",,,"365,00 zł","Ocena 6,00",https:/www.x-kom.pl/p/338375-dysk-hdd-seagate-2tb-25-5400obr-128mb-barracuda.html
"Pojemność: 2000 GB, Interfejs: SATA III, Format: 3.5"", Prędkość obr.: 7200 obr./min",,,"548,00 zł","Ocena 6,00",https:/www.x-kom.pl/p/159700-dysk-hdd-wd-2tb-7200obr-64mb-black.html
"Pojemność: 1000 GB, Interfejs: SATA III, Format: 2.5"", Prędkość obr.: 5400 obr./min",,,"199,00 zł",Ten produkt czeka na Twoją opinię,https:/www.x-kom.pl/p/430678-dysk-hdd-toshiba-1tb-5400obr-128mb-l200-mobile-7mm-oem.html
"Pojemność: 6000 GB, Interfejs: SATA III, Format: 3.5"", Prędkość obr.: 5400 obr./min",,,"799,00 zł",Ten produkt czeka na Twoją opinię,https:/www.x-kom.pl/p/367209-dysk-hdd-wd-6tb-intellipower-64mb-purple.html
"Pojemność: 3000 GB, Interfejs: SATA III, Format: 3.5"", Prędkość obr.: 5900 obr./min",,,"445,00 zł","Ocena 5,67",https:/www.x-kom.pl/p/337229-dysk-hdd-seagate-3tb-5900obr-64mb-ironwolf.html
"Pojemność: 6000 GB, Interfejs: SATA III, Format: 3.5"", Prędkość obr.: 5760 obr./min",,,"1 949,00 zł",Ten produkt czeka na Twoją opinię,https:/www.x-kom.pl/p/236487-dysk-hdd-wd-6tb-5760obr-128mb-re.html
"Pojemność: 5000 GB, Interfejs: SATA III, Format: 3.5"", Prędkość obr.: 5760 obr./min",,,"1 835,00 zł",Ten produkt czeka na Twoją opinię,https:/www.x-kom.pl/p/236485-dysk-hdd-wd-5tb-5760obr-128mb-re.html
"Pojemność: 6000 GB, Interfejs: SATA III, Format: 3.5"", Prędkość obr.: 5760 obr./min",,,"1 175,00 zł",Ten produkt czeka na Twoją opinię,https:/www.x-kom.pl/p/236484-dysk-hdd-wd-6tb-5760obr-64mb-ae.html
"Pojemność: 1000 GB, Interfejs: SATA II - 1 szt., Format: 2.5"", Prędkość obr.: 5400 obr./min",,,"189,00 zł","Ocena 4,60",https:/www.x-kom.pl/p/232297-dysk-hdd-wd-1tb-5400obr-8mb-box.html
"Pojemność: 6000 GB, Interfejs: SATA III, Format: 3.5"", Prędkość obr.: 7200 obr./min",,,"1 955,00 zł",Ten produkt czeka na Twoją opinię,https:/www.x-kom.pl/p/231802-dysk-hdd-wd-6tb-7200obr-128mb-re.html
"Pojemność: 6000 GB, Interfejs: SATA III, Format: 3.5"", Prędkość obr.: 7200 obr./min",,,"889,00 zł",Ten produkt czeka na Twoją opinię,https:/www.x-kom.pl/p/231801-dysk-hdd-wd-6tb-7200obr-128mb-se.html
"Pojemność: 5000 GB, Interfejs: SATA III, Format: 3.5"", Prędkość obr.: 7200 obr./min",,,"1 835,00 zł",Ten produkt czeka na Twoją opinię,https:/www.x-kom.pl/p/231800-dysk-hdd-wd-5tb-7200obr-128mb-re.html
"Pojemność: 5000 GB, Interfejs: SATA III, Format: 3.5"", Prędkość obr.: 7200 obr./min",,,"669,00 zł",Ten produkt czeka na Twoją opinię,https:/www.x-kom.pl/p/231799-dysk-hdd-wd-5tb-7200obr-128mb-se.html
"Pojemność: 3000 GB, Interfejs: SATA III, Format: 3.5"", Prędkość obr.: 7200 obr./min",,,"335,00 zł","Ocena 5,00",https:/www.x-kom.pl/p/229306-dysk-hdd-toshiba-3tb-7200obr-64mb.html
"Pojemność: 4000 GB, Interfejs: SATA III, Format: 3.5"", Prędkość obr.: 7200 obr./min",,,"715,00 zł",Ten produkt czeka na Twoją opinię,https:/www.x-kom.pl/p/216852-dysk-hdd-seagate-4tb-7200obr-64mb.html
"Pojemność: 2000 GB, Interfejs: SATA III, Format: 3.5"", Prędkość obr.: IntelliPower",,,"249,00 zł",Ten produkt czeka na Twoją opinię,https:/www.x-kom.pl/p/216789-dysk-hdd-wd-2tb-desktop-mainstream.html
"Pojemność: 3000 GB, Interfejs: SATA III, Format: 3.5"", Prędkość obr.: 7200 obr./min",,,"859,00 zł",Ten produkt czeka na Twoją opinię,https:/www.x-kom.pl/p/204013-dysk-hdd-wd-3tb-7200obr-64mb-red-pro.html
"Pojemność: 4000 GB, Interfejs: SATA III, Format: 3.5"", Prędkość obr.: 7200 obr./min",,,"989,00 zł","Ocena 6,00",https:/www.x-kom.pl/p/159702-dysk-hdd-wd-4tb-7200obr-64mb-black.html
"Pojemność: 500 GB, Interfejs: SATA III, Format: 3.5"", Prędkość obr.: 7200 obr./min",,,"315,00 zł",Ten produkt czeka na Twoją opinię,https:/www.x-kom.pl/p/156018-dysk-hdd-wd-500gb-7200obr-64mb-re.html
"Pojemność: 3000 GB, Interfejs: SATA III, Format: 3.5"", Prędkość obr.: IntelliPower",,,"475,00 zł",Ten produkt czeka na Twoją opinię,https:/www.x-kom.pl/p/152831-dysk-hdd-wd-3tb-intellipower-64mb-av-gp.html
"Pojemność: 2000 GB, Interfejs: SATA III, Format: 2.5"", Prędkość obr.: 7200 obr./min",,,"529,00 zł",Ten produkt czeka na Twoją opinię,https:/www.x-kom.pl/p/152387-dysk-hdd-wd-2tb-7200obr-8mb-15mm.html
"Pojemność: 750 GB, Interfejs: SATA III, Format: 2.5"", Prędkość obr.: 7200 obr./min",,,"265,00 zł",Ten produkt czeka na Twoją opinię,https:/www.x-kom.pl/p/152384-dysk-hdd-wd-750gb-7200obr-16mb.html
"Pojemność: 250 GB, Interfejs: SATA III, Format: 2.5"", Prędkość obr.: 7200 obr./min",,,"229,00 zł",Ten produkt czeka na Twoją opinię,https:/www.x-kom.pl/p/152381-dysk-hdd-wd-250gb-7200obr-16mb.html
"Pojemność: 1000 GB, Interfejs: SATA III, Format: 2.5"", Prędkość obr.: 5400 obr./min",,,"215,00 zł","Ocena 5,00",https:/www.x-kom.pl/p/138014-dysk-hdd-wd-1tb-5400obr-8mb.html
"Pojemność: 1000 GB, Interfejs: SATA II - 1 szt., Format: 2.5"", Prędkość obr.: 5400 obr./min",,,"315,00 zł",Ten produkt czeka na Twoją opinię,https:/www.x-kom.pl/p/105783-dysk-hdd-wd-1tb-5400obr-16mb-av-25.html
"Pojemność: 500 GB, Interfejs: SATA III, Format: 3.5"", Prędkość obr.: 7200 obr./min",,,"299,00 zł","Ocena 6,00",https:/www.x-kom.pl/p/81767-dysk-hdd-wd-500gb-7200obr-64mb-black.html
"Pojemność: 750 GB, Interfejs: SATA III, Format: 3.5"", Prędkość obr.: 7200 obr./min",,,"269,00 zł","Ocena 6,00",https:/www.x-kom.pl/p/81295-dysk-hdd-wd-750gb-7200obr-64mb-blue.html
"Pojemność: 1000 GB, Interfejs: SATA III, Prędkość obr.: IntelliPower, Cache: 64 MB",,,"245,00 zł",Ten produkt czeka na Twoją opinię,https:/www.x-kom.pl/p/74998-dysk-hdd-wd-1tb-intellipower-64mb-av-gp.html
"Pojemność: 1000 GB, Interfejs: SATA III, Format: 3.5"", Prędkość obr.: 7200 obr./min",,,"335,00 zł","Ocena 5,45",https:/www.x-kom.pl/p/159699-dysk-hdd-wd-1tb-7200obr-64mb-black.html
"Pojemność: 2000 GB, Interfejs: SATA III, Format: 2.5"", Prędkość obr.: 5400 obr./min",,,"379,00 zł",Ten produkt czeka na Twoją opinię,https:/www.x-kom.pl/p/417513-dysk-hdd-wd-2tb-5400obr-128mb-blue-7mm.html
"Pojemność: 4000 GB, Interfejs: SATA III, Format: 3.5"", Prędkość obr.: 5400 obr./min",,,"459,00 zł","Ocena 6,00",https:/www.x-kom.pl/p/399469-dysk-hdd-seagate-4tb-5400obr-256mb-barracuda.html
"Pojemność: 3000 GB, Interfejs: SATA III, Format: 3.5"", Prędkość odczytu: 180 MB/s",,,"399,00 zł","Ocena 6,00",https:/www.x-kom.pl/p/337150-dysk-hdd-seagate-3tb-64mb-skyhawk.html
"Pojemność: 2000 GB, Interfejs: SATA III, Format: 3.5"", Prędkość obr.: 7200 obr./min",,,"435,00 zł","Ocena 6,00",https:/www.x-kom.pl/p/320821-dysk-hdd-seagate-2tb-7200obr-64mb-sshd-firecuda.html
"Pojemność: 8000 GB, Interfejs: SATA III, Format: 3.5"", Prędkość obr.: 7200 obr./min",,,"1 055,00 zł",Ten produkt czeka na Twoją opinię,https:/www.x-kom.pl/p/337219-dysk-hdd-seagate-8tb-7200obr-256mb-ironwolf.html
"Pojemność: 6000 GB, Interfejs: SATA III, Format: 3.5"", Prędkość odczytu: 195 MB/s",,,"759,00 zł","Ocena 6,00",https:/www.x-kom.pl/p/337174-dysk-hdd-seagate-6tb-256mb-skyhawk.html
"Pojemność: 4000 GB, Interfejs: SATA III, Format: 3.5"", Prędkość obr.: 5400 obr./min",,,"459,00 zł",Ten produkt czeka na Twoją opinię,https:/www.x-kom.pl/p/254256-dysk-hdd-wd-4tb-5400obr-64mb-blue.html
"Pojemność: 4000 GB, Interfejs: SATA III, Format: 3.5"", Prędkość obr.: 7200 obr./min",,,"815,00 zł","Ocena 3,00",https:/www.x-kom.pl/p/429587-dysk-hdd-wd-4tb-7200obr-256mb-black.html
"Pojemność: 4000 GB, Interfejs: SATA III, Format: 3.5"", Prędkość obr.: 7200 obr./min",,,"779,00 zł",Ten produkt czeka na Twoją opinię,https:/www.x-kom.pl/p/424242-dysk-hdd-wd-4tb-7200obr-256mb-red-pro.html
"Pojemność: 6000 GB, Interfejs: SATA III, Format: 3.5"", Prędkość obr.: 7200 obr./min",,,"819,00 zł","Ocena 6,00",https:/www.x-kom.pl/p/409112-dysk-hdd-seagate-6tb-7200obr-256mb-ironwolf.html
"Pojemność: 4000 GB, Interfejs: SATA III, Format: 3.5"", Prędkość obr.: 7200 obr./min",,,"529,00 zł","Ocena 4,00",https:/www.x-kom.pl/p/341408-dysk-hdd-toshiba-4tb-7200obr-128mb-x300-oem.html
"Pojemność: 8000 GB, Interfejs: SATA III, Format: 3.5"", Prędkość obr.: 5400 obr./min",,,"1 139,00 zł",Ten produkt czeka na Twoją opinię,https:/www.x-kom.pl/p/429345-dysk-hdd-wd-8tb-256mb-red-nas.html
"Pojemność: 1000 GB, Interfejs: SATA III, Format: 3.5"", Prędkość obr.: 7200 obr./min",,,"215,00 zł",Ten produkt czeka na Twoją opinię,https:/www.x-kom.pl/p/335485-dysk-hdd-seagate-1tb-64mb-skyhawk.html
"Pojemność: 2000 GB, Interfejs: SATA III, Format: 3.5"", Prędkość obr.: 7200 obr./min",,,"555,00 zł","Ocena 6,00",https:/www.x-kom.pl/p/314398-dysk-hdd-wd-2tb-7200obr-64mb-red-pro.html
"Pojemność: 1000 GB, Interfejs: SATA III, Format: 3.5"", Prędkość obr.: 5900 obr./min",,,"259,00 zł",Ten produkt czeka na Twoją opinię,https:/www.x-kom.pl/p/337232-dysk-hdd-seagate-1tb-5900obr-64mb-ironwolf.html
"Pojemność: 1000 GB, Interfejs: SATA III, Format: 2.5"", Prędkość obr.: 5400 obr./min",,,"279,00 zł","Ocena 6,00",https:/www.x-kom.pl/p/339128-dysk-hdd-seagate-1tb-5400obr-128mb-25-sshd-firecuda.html
"Pojemność: 8000 GB, Interfejs: SATA III, Format: 3.5"", Prędkość obr.: 5400 obr./min",,,"1 039,00 zł",Ten produkt czeka na Twoją opinię,https:/www.x-kom.pl/p/367210-dysk-hdd-wd-8tb-5400obr-128mb-purple.html
"Pojemność: 3000 GB, Interfejs: SATA III, Format: 3.5"", Prędkość obr.: 5400 obr./min",,,"425,00 zł","Ocena 6,00",https:/www.x-kom.pl/p/367207-dysk-hdd-wd-3tb-intellipower-64mb-purple.html
"Pojemność: 2000 GB, Interfejs: SATA III, Format: 3.5"", Prędkość odczytu: 180 MB/s",,,"299,00 zł",Ten produkt czeka na Twoją opinię,https:/www.x-kom.pl/p/337147-dysk-hdd-seagate-2tb-64mb-skyhawk.html
"Pojemność: 500 GB, Interfejs: SATA III, Format: 3.5"", Prędkość obr.: 7200 obr./min",,,"165,00 zł",Ten produkt czeka na Twoją opinię,https:/www.x-kom.pl/p/323218-dysk-hdd-toshiba-500gb-7200obr-64mb-p300-oem.html
"Pojemność: 1000 GB, Interfejs: SATA III, Format: 3.5"", Prędkość obr.: 5400 obr./min",,,"185,00 zł",Ten produkt czeka na Twoją opinię,https:/www.x-kom.pl/p/254253-dysk-hdd-wd-1tb-5400obr-64mb-blue.html
"Pojemność: 500 GB, Interfejs: SATA III, Format: 2.5"", Prędkość obr.: 7200 obr./min",,,"195,00 zł",Ten produkt czeka na Twoją opinię,https:/www.x-kom.pl/p/387074-dysk-hdd-hitachi-500gb-travelstar-z7k500b-7mm-7200obr.html
"Pojemność: 1000 GB, Interfejs: SATA III, Format: 3.5"", Prędkość obr.: 7200 obr./min",,,"355,00 zł",Ten produkt czeka na Twoją opinię,https:/www.x-kom.pl/p/468758-dysk-hdd-wd-western-digital-ultrastar-1tb.html
"Pojemność: 500 GB, Interfejs: SATA III, Format: 2.5"", Prędkość obr.: 7200 obr./min",,,"245,00 zł","Ocena 6,00",https:/www.x-kom.pl/p/220271-dysk-hdd-wd-500gb-7200obr-32mb-black.html
"Pojemność: 3000 GB, Interfejs: SATA III, Format: 3.5"", Prędkość obr.: 5400 obr./min",,,"379,00 zł",Ten produkt czeka na Twoją opinię,https:/www.x-kom.pl/p/434505-dysk-hdd-seagate-3tb-5400obr-256mb-barracuda.html
"Pojemność: 2000 GB, Interfejs: SATA III, Format: 2.5"", Prędkość obr.: 5400 obr./min",,,"355,00 zł","Ocena 6,00",https:/www.x-kom.pl/p/430680-dysk-hdd-toshiba-2tb-5400obr-128mb-l200-mobile.html
"Pojemność: 10000 GB, Interfejs: SATA III, Format: 3.5"", Prędkość obr.: 7200 obr./min",,,"1 649,00 zł",Ten produkt czeka na Twoją opinię,https:/www.x-kom.pl/p/339140-dysk-hdd-seagate-10tb-7200obr-256mb-ironwolf-pro.html
"Pojemność: 500 GB, Interfejs: SATA III, Format: 2.5"", Prędkość obr.: 5400 obr./min",,,"215,00 zł",Ten produkt czeka na Twoją opinię,https:/www.x-kom.pl/p/339127-dysk-hdd-seagate-500gb-5400obr-128mb-25-sshd-firecuda.html
"Pojemność: 500 GB, Interfejs: SATA III, Format: 2.5"", Prędkość obr.: 5400 obr./min",,,"169,00 zł","Ocena 4,71",https:/www.x-kom.pl/p/216853-dysk-hdd-hitachi-500gb-5400obr-8mb-travelstar-z5k5-7mm.html
"Pojemność: 8000 GB, Interfejs: SATA III, Format: 3.5"", Prędkość obr.: 7200 obr./min",,,"1 145,00 zł",Ten produkt czeka na Twoją opinię,https:/www.x-kom.pl/p/361766-dysk-hdd-toshiba-8tb-7200obr-128mb-n300-nas.html
"Pojemność: 8000 GB, Interfejs: SATA III, Format: 3.5"", Prędkość obr.: 7200 obr./min",,,"1 139,00 zł",Ten produkt czeka na Twoją opinię,https:/www.x-kom.pl/p/361764-dysk-hdd-toshiba-8tb-7200obr-128mb-n300-nas-oem.html
"Pojemność: 6000 GB, Interfejs: SATA III, Format: 3.5"", Prędkość obr.: 7200 obr./min",,,"837,00 zł",Ten produkt czeka na Twoją opinię,https:/www.x-kom.pl/p/348922-dysk-hdd-toshiba-6tb-7200obr-128mb-n300-nas.html
"Pojemność: 1000 GB, Interfejs: SATA III, Format: 2.5"", Prędkość obr.: 5400 obr./min",,,"329,00 zł",Ten produkt czeka na Twoją opinię,https:/www.x-kom.pl/p/343932-dysk-hdd-toshiba-1tb-5400obr-64mb-sshd-h200.html
"Pojemność: 6000 GB, Interfejs: SATA III, Format: 3.5"", Prędkość obr.: 7200 obr./min",,,"1 109,00 zł",Ten produkt czeka na Twoją opinię,https:/www.x-kom.pl/p/342747-dysk-hdd-wd-6tb-7200obr-128mb-black.html
"Pojemność: 600 GB, Interfejs: SAS - 1 szt., Format: 2.5"", Prędkość obr.: 15000 obr./min",,,"1 969,00 zł",Ten produkt czeka na Twoją opinię,https:/www.x-kom.pl/p/341217-dysk-hdd-seagate-600gb-15000obr-128mb-enterprise-sas.html
"Pojemność: 8000 GB, Interfejs: SATA III, Format: 3.5"", Prędkość obr.: 7200 obr./min",,,"1 309,00 zł",Ten produkt czeka na Twoją opinię,https:/www.x-kom.pl/p/339139-dysk-hdd-seagate-8tb-7200obr-256mb-ironwolf-pro.html
"Pojemność: 6000 GB, Interfejs: SATA III, Format: 3.5"", Prędkość obr.: 7200 obr./min",,,"999,00 zł",Ten produkt czeka na Twoją opinię,https:/www.x-kom.pl/p/339137-dysk-hdd-seagate-6tb-7200obr-256mb-ironwolf-pro.html
"Pojemność: 6000 GB, Interfejs: SATA III, Format: 3.5"", Prędkość obr.: 7200 obr./min",,,"829,00 zł",Ten produkt czeka na Twoją opinię,https:/www.x-kom.pl/p/337226-dysk-hdd-seagate-6tb-7200obr-128mb-ironwolf.html
"Pojemność: 7000 GB, Interfejs: SATA III, Format: 3.5"", Prędkość obr.: 7200 obr./min",,,"1 279,00 zł",Ten produkt czeka na Twoją opinię,https:/www.x-kom.pl/p/337222-dysk-hdd-seagate-7tb-7200obr-256mb-ironwolf.html
"Pojemność: 500 GB, Interfejs: SATA III, Format: 2.5"", Prędkość obr.: 5400 obr./min",,,"177,00 zł","Ocena 5,50",https:/www.x-kom.pl/p/322599-dysk-hdd-hitachi-500gb-5400obr-16mb-travelstar-z5k500b-7mm.html
"Pojemność: 4000 GB, Interfejs: SATA III, Format: 3.5"", Prędkość obr.: 7200 obr./min",,,"835,00 zł",Ten produkt czeka na Twoją opinię,https:/www.x-kom.pl/p/320833-dysk-hdd-wd-4tb-7200obr-128mb-black.html
"Pojemność: 2000 GB, Interfejs: SATA III, Format: 3.5"", Prędkość obr.: 7200 obr./min",,,"605,00 zł",Ten produkt czeka na Twoją opinię,https:/www.x-kom.pl/p/317672-dysk-hdd-wd-2tb-7200obr-128mb-re.html
"Pojemność: 4000 GB, Interfejs: SATA III, Format: 2.5"", Prędkość obr.: 5400 obr./min",,,"935,00 zł",Ten produkt czeka na Twoją opinię,https:/www.x-kom.pl/p/301030-dysk-hdd-seagate-4tb-5400obr-128mb.html
"Pojemność: 8000 GB, Interfejs: SATA III, Format: 3.5"", Prędkość obr.: 5400 obr./min",,,"1 199,00 zł",Ten produkt czeka na Twoją opinię,https:/www.x-kom.pl/p/294037-dysk-hdd-wd-8tb-5400obr-128mb-purple.html
"Pojemność: 6000 GB, Interfejs: SATA III, Format: 3.5"", Prędkość obr.: 7200 obr./min",,,"1 015,00 zł",Ten produkt czeka na Twoją opinię,https:/www.x-kom.pl/p/293485-dysk-hdd-wd-6tb-7200obr-128mb-red-pro-nas.html
"Pojemność: 6000 GB, Interfejs: SATA III, Format: 3.5"", Prędkość obr.: 7200 obr./min",,,"2 045,00 zł",Ten produkt czeka na Twoją opinię,https:/www.x-kom.pl/p/264309-dysk-hdd-wd-6tb-7200obr-128mb-re.html
"Pojemność: 4000 GB, Interfejs: SATA III, Format: 3.5"", Prędkość obr.: 7200 obr./min",,,"679,00 zł",Ten produkt czeka na Twoją opinię,https:/www.x-kom.pl/p/262669-dysk-hdd-toshiba-4tb-7200obr-64mb-nearline.html
"Pojemność: 3000 GB, Interfejs: SATA III, Format: 3.5"", Prędkość obr.: 7200 obr./min",,,"599,00 zł",Ten produkt czeka na Twoją opinię,https:/www.x-kom.pl/p/262668-dysk-hdd-toshiba-3tb-7200obr-64mb-nearline.html
"Pojemność: 1000 GB, Interfejs: SATA III, Format: 2.5"", Prędkość obr.: 5400 obr./min",,,"205,00 zł","Ocena 5,50",https:/www.x-kom.pl/p/258495-dysk-hdd-toshiba-1tb-5400obr-8mb-l200.html
"Pojemność: 4000 GB, Interfejs: SATA III, Format: 3.5"", Prędkość obr.: 7200 obr./min",,,"539,00 zł",Ten produkt czeka na Twoją opinię,https:/www.x-kom.pl/p/258397-dysk-hdd-toshiba-4tb-7200obr-128mb-x300.html
"Pojemność: 4000 GB, Interfejs: SATA III, Format: 3.5"", Prędkość obr.: 7200 obr./min",,,"755,00 zł",Ten produkt czeka na Twoją opinię,https:/www.x-kom.pl/p/257465-dysk-hdd-hitachi-internal-drive-kit-4tb-35-7200obr.html
"Pojemność: 3000 GB, Interfejs: SATA III, Format: 3.5"", Prędkość obr.: 5940 obr./min",,,"329,00 zł","Ocena 6,00",https:/www.x-kom.pl/p/256544-dysk-hdd-toshiba-3tb-5940obr-64mb-e300.html
"Pojemność: 2000 GB, Interfejs: SATA III, Format: 3.5"", Prędkość obr.: 5700 obr./min",,,"259,00 zł",Ten produkt czeka na Twoją opinię,https:/www.x-kom.pl/p/256542-dysk-hdd-toshiba-2tb-5700obr-64mb-e300.html
"Pojemność: 6000 GB, Interfejs: SATA III, Format: 3.5"", Prędkość obr.: 7200 obr./min",,,"1 079,00 zł",Ten produkt czeka na Twoją opinię,https:/www.x-kom.pl/p/256110-dysk-hdd-seagate-6tb-7200obr-128mb.html
"Pojemność: 5000 GB, Interfejs: SATA III, Format: 3.5"", Prędkość obr.: 7200 obr./min",,,"575,00 zł","Ocena 5,00",https:/www.x-kom.pl/p/256109-dysk-hdd-seagate-5tb-7200obr-128mb.html
"Pojemność: 5000 GB, Interfejs: SATA III, Format: 3.5"", Prędkość obr.: 5900 obr./min",,,"725,00 zł",Ten produkt czeka na Twoją opinię,https:/www.x-kom.pl/p/255466-dysk-hdd-seagate-5tb-5900obr-128mb-archive.html
"Pojemność: 5000 GB, Interfejs: SATA III, Format: 3.5"", Prędkość obr.: 7200 obr./min",,,"1 209,00 zł",Ten produkt czeka na Twoją opinię,https:/www.x-kom.pl/p/255463-dysk-hdd-wd-5tb-7200obr-128mb-red-pro.html
"Pojemność: 5000 GB, Interfejs: SATA III, Format: 3.5"", Prędkość obr.: 5400 obr./min",,,"899,00 zł",Ten produkt czeka na Twoją opinię,https:/www.x-kom.pl/p/254257-dysk-hdd-wd-5tb-5400obr-64mb-blue.html
"Pojemność: 500 GB, Interfejs: SATA II - 1 szt., Format: 2.5"", Prędkość obr.: 5400 obr./min",,,"225,00 zł",Ten produkt czeka na Twoją opinię,https:/www.x-kom.pl/p/250289-dysk-hdd-wd-500gb-5400obr-8mb.html
"Pojemność: 2000 GB, Interfejs: SATA III, Format: 3.5"", Prędkość obr.: IntelliPower",,,"345,00 zł","Ocena 5,00",https:/www.x-kom.pl/p/152830-dysk-hdd-wd-2tb-intellipower-64mb-av-gp.html
"Pojemność: 6000 GB, Interfejs: SATA III, Format: 3.5"", Prędkość obr.: 7200 obr./min",,,"1 125,00 zł","Ocena 3,33",https:/www.x-kom.pl/p/429591-dysk-hdd-wd-6tb-7200obr-256mb-black.html
"Pojemność: 10000 GB, Interfejs: SATA III, Format: 3.5"", Prędkość obr.: 5400 obr./min",,,"1 479,00 zł",Ten produkt czeka na Twoją opinię,https:/www.x-kom.pl/p/386445-dysk-hdd-wd-10tb-5400obr-256mb-red.html
"Pojemność: 4000 GB, Interfejs: SATA III, Format: 3.5"", Prędkość obr.: 7200 obr./min",,,"579,00 zł","Ocena 5,00",https:/www.x-kom.pl/p/348921-dysk-hdd-toshiba-4tb-7200obr-128mb-n300-nas-oem.html
"Pojemność: 8000 GB, Interfejs: SATA III, Format: 3.5"", Prędkość odczytu: 210 MB/s",,,"1 019,00 zł",Ten produkt czeka na Twoją opinię,https:/www.x-kom.pl/p/337175-dysk-hdd-seagate-8tb-256mb-skyhawk.html
"Pojemność: 10000 GB, Interfejs: SATA III, Format: 3.5"", Prędkość obr.: 7200 obr./min",,,"1 399,00 zł",Ten produkt czeka na Twoją opinię,https:/www.x-kom.pl/p/320832-dysk-hdd-seagate-10tb-7200obr-256mb-ironwolf.html
"Pojemność: 1000 GB, Interfejs: SATA III, Format: 3.5"", Prędkość obr.: 7200 obr./min",,,"325,00 zł","Ocena 5,67",https:/www.x-kom.pl/p/320820-dysk-hdd-seagate-1tb-7200obr-64mb-sshd-firecuda.html
"Pojemność: 1000 GB, Interfejs: SATA III, Format: 2.5"", Prędkość obr.: IntelliPower",,,"335,00 zł","Ocena 6,00",https:/www.x-kom.pl/p/157119-dysk-hdd-wd-1tb-intellipower-16mb-red.html
"Pojemność: 1000 GB, Interfejs: SATA III, Format: 2.5"", Prędkość obr.: 5400 obr./min",,,"209,00 zł",Ten produkt czeka na Twoją opinię,https:/www.x-kom.pl/p/430672-dysk-hdd-toshiba-1tb-5400obr-128mb-l200-mobile-7mm.html
"Pojemność: 8000 GB, Interfejs: SATA III, Format: 3.5"", Prędkość obr.: 7200 obr./min",,,"1 379,00 zł",Ten produkt czeka na Twoją opinię,https:/www.x-kom.pl/p/429612-dysk-hdd-wd-8tb-7200obr-256mb-red-pro.html
"Pojemność: 6000 GB, Interfejs: SATA III, Format: 3.5"", Prędkość obr.: 7200 obr./min",,,"1 059,00 zł",Ten produkt czeka na Twoją opinię,https:/www.x-kom.pl/p/424519-dysk-hdd-wd-6tb-7200obr-256mb-red-pro-nas.html
"Pojemność: 4000 GB, Interfejs: SATA III, Format: 3.5"", Prędkość obr.: 7200 obr./min",,,"749,00 zł","Ocena 5,33",https:/www.x-kom.pl/p/370877-dysk-hdd-seagate-4tb-7200obr-128mb-barracuda-pro.html
"Pojemność: 4000 GB, Interfejs: SATA III, Format: 3.5"", Prędkość odczytu: 190 MB/s",,,"495,00 zł",Ten produkt czeka na Twoją opinię,https:/www.x-kom.pl/p/337171-dysk-hdd-seagate-4tb-64mb-skyhawk.html
"Pojemność: 500 GB, Interfejs: SATA III, Format: 3.5"", Prędkość obr.: 7200 obr./min",,,"185,00 zł","Ocena 6,00",https:/www.x-kom.pl/p/320809-dysk-hdd-seagate-500gb-7200obr-32mb-barracuda.html
"Pojemność: 500 GB, Interfejs: SATA III, Prędkość obr.: 5400 obr./min, Cache: 16 MB",,,"175,00 zł",Ten produkt czeka na Twoją opinię,https:/www.x-kom.pl/p/254261-dysk-hdd-wd-500gb-5400obr-16mb-blue.html
"Pojemność: 3000 GB, Interfejs: SATA III, Format: 3.5"", Prędkość obr.: 5400 obr./min",,,"389,00 zł",Ten produkt czeka na Twoją opinię,https:/www.x-kom.pl/p/254255-dysk-hdd-wd-3tb-5400obr-64mb-blue.html
"Pojemność: 2000 GB, Interfejs: SATA III, Format: 3.5"", Prędkość obr.: 7200 obr./min",,,"275,00 zł","Ocena 5,14",https:/www.x-kom.pl/p/229305-dysk-hdd-toshiba-2tb-7200obr-64mb.html
"Pojemność: 8000 GB, Interfejs: SATA III, Format: 3.5"", Prędkość obr.: 7200 obr./min",,,"1 229,00 zł",Ten produkt czeka na Twoją opinię,https:/www.x-kom.pl/p/465745-dysk-hdd-seagate-enterprise-capacity-8tb-35.html
"Pojemność: 2000 GB, Interfejs: SATA III, Format: 2.5"", Prędkość obr.: 5400 obr./min",,,"349,00 zł",Ten produkt czeka na Twoją opinię,https:/www.x-kom.pl/p/430682-dysk-hdd-toshiba-2tb-5400obr-128mb-l200-mobile-oem.html
"Pojemność: 4000 GB, Interfejs: SATA III, Format: 2.5"", Prędkość obr.: 5400 obr./min",,,"729,00 zł",Ten produkt czeka na Twoją opinię,https:/www.x-kom.pl/p/339830-dysk-hdd-seagate-4tb-25-5400obr-128mb-barracuda.html
"Pojemność: 3000 GB, Interfejs: SATA III, Format: 2.5"", Prędkość obr.: 5400 obr./min",,,"565,00 zł",Ten produkt czeka na Twoją opinię,https:/www.x-kom.pl/p/339828-dysk-hdd-seagate-3tb-25-5400obr-128mb-barracuda.html
"Pojemność: 2000 GB, Interfejs: SATA III, Format: 3.5"", Prędkość obr.: 7200 obr./min",,,"605,00 zł",Ten produkt czeka na Twoją opinię,https:/www.x-kom.pl/p/339134-dysk-hdd-seagate-2tb-7200obr-128mb-ironwolf-pro.html
"Pojemność: 6000 GB, Interfejs: SATA III, Format: 3.5"", Prędkość obr.: 7200 obr./min",,,"809,00 zł",Ten produkt czeka na Twoją opinię,https:/www.x-kom.pl/p/294056-dysk-hdd-toshiba-6tb-7200obr-128mb-x300.html
"Pojemność: 500 GB, Interfejs: SATA III, Format: 3.5"", Prędkość obr.: 7200 obr./min",,,"175,00 zł",Ten produkt czeka na Twoją opinię,https:/www.x-kom.pl/p/256540-dysk-hdd-toshiba-500gb-7200obr-64mb-p300.html
"Pojemność: 6000 GB, Interfejs: SATA III, Format: 3.5"", Prędkość obr.: 5400 obr./min",,,"799,00 zł",Ten produkt czeka na Twoją opinię,https:/www.x-kom.pl/p/254258-dysk-hdd-wd-6tb-5400obr-64mb-blue.html
"Pojemność: 4000 GB, Interfejs: SATA III, Format: 3.5"", Prędkość obr.: 7200 obr./min",,,"839,00 zł",Ten produkt czeka na Twoją opinię,https:/www.x-kom.pl/p/468760-dysk-hdd-wd-western-digital-ultrastar-4tb.html
"Pojemność: 2000 GB, Interfejs: SATA III, Format: 3.5"", Prędkość obr.: 7200 obr./min",,,"549,00 zł",Ten produkt czeka na Twoją opinię,https:/www.x-kom.pl/p/468759-dysk-hdd-wd-western-digital-ultrastar-2tb.html
"Pojemność: 10000 GB, Interfejs: SATA III, Format: 3.5"", Prędkość obr.: 7200 obr./min",,,"1 549,00 zł",Ten produkt czeka na Twoją opinię,https:/www.x-kom.pl/p/465749-dysk-hdd-seagate-enterprise-capacity-10tb-35.html
"Pojemność: 1000 GB, Interfejs: SATA III, Format: 3.5"", Prędkość obr.: 7200 obr./min",,,"349,00 zł",Ten produkt czeka na Twoją opinię,https:/www.x-kom.pl/p/465731-dysk-hdd-seagate-enterprise-capacity-1tb-35.html
"Pojemność: 8000 GB, Interfejs: SATA III, Format: 3.5"", Prędkość obr.: 7200 obr./min",,,"1 339,00 zł",Ten produkt czeka na Twoją opinię,https:/www.x-kom.pl/p/424210-dysk-hdd-seagate-8tb-7200obr-256mb-ironwolf-pro.html
"Pojemność: 6000 GB, Interfejs: SATA III, Format: 3.5"", Prędkość obr.: 7200 obr./min",,,"1 039,00 zł",Ten produkt czeka na Twoją opinię,https:/www.x-kom.pl/p/424207-dysk-hdd-seagate-6tb-7200obr-256mb-ironwolf-pro.html
"Pojemność: 8000 GB, Interfejs: SATA III, Format: 3.5"", Prędkość obr.: 7200 obr./min",,,"1 279,00 zł",Ten produkt czeka na Twoją opinię,https:/www.x-kom.pl/p/417976-dysk-hdd-seagate-8tb-7200obr-256mb-barracuda-pro.html
"Pojemność: 2000 GB, Interfejs: SATA III, Format: 3.5"", Prędkość obr.: 7200 obr./min",,,"525,00 zł",Ten produkt czeka na Twoją opinię,https:/www.x-kom.pl/p/370875-dysk-hdd-seagate-2tb-7200obr-128mb-barracuda-pro.html
"Pojemność: 4000 GB, Interfejs: SATA III, Format: 3.5"", Prędkość obr.: 7200 obr./min",,,"819,00 zł","Ocena 6,00",https:/www.x-kom.pl/p/339136-dysk-hdd-seagate-4tb-7200obr-128mb-ironwolf-pro.html
"Pojemność: 10000 GB, Interfejs: SATA III, Format: 3.5"", Prędkość obr.: 7200 obr./min",,,"1 350,00 zł",Ten produkt czeka na Twoją opinię,https:/www.x-kom.pl/p/320827-dysk-hdd-seagate-10tb-256mb-skyhawk.html
"Pojemność: 500 GB, Interfejs: SATA III, Format: 3.5"", Prędkość obr.: 7200 obr./min",,,"189,00 zł","Ocena 6,00",https:/www.x-kom.pl/p/276126-dysk-hdd-wd-500gb-7200obr-32mb-blue.html
"Pojemność: 10000 GB, Interfejs: SATA III, Format: 3.5"", Prędkość obr.: 7200 obr./min",,,"1 529,00 zł",Ten produkt czeka na Twoją opinię,https:/www.x-kom.pl/p/438428-dysk-hdd-wd-10tb-7200obr-256mb-purple-allframe-ai.html
"Pojemność: 4000 GB, Interfejs: SATA III, Format: 3.5"", Prędkość obr.: 7200 obr./min",,,"819,00 zł",Ten produkt czeka na Twoją opinię,https:/www.x-kom.pl/p/430252-dysk-hdd-seagate-4tb-7200obr-128mb-exos-7e8.html
"Pojemność: 10000 GB, Interfejs: SATA III, Format: 3.5"", Prędkość obr.: 7200 obr./min",,,"1 399,00 zł",Ten produkt czeka na Twoją opinię,https:/www.x-kom.pl/p/424286-dysk-hdd-toshiba-10tb-7200obr-256mb-n300-nas.html
"Pojemność: 12000 GB, Interfejs: SATA III, Format: 3.5"", Prędkość obr.: 7200 obr./min",,,"2 119,00 zł",Ten produkt czeka na Twoją opinię,https:/www.x-kom.pl/p/392500-dysk-hdd-seagate-12tb-7200obr-256mb-ironwolf-pro.html
"Pojemność: 12000 GB, Interfejs: SATA III, Format: 3.5"", Prędkość obr.: 7200 obr./min",,,"1 859,00 zł",Ten produkt czeka na Twoją opinię,https:/www.x-kom.pl/p/392499-dysk-hdd-seagate-12tb-7200obr-256mb-ironwolf.html
"Pojemność: 10000 GB, Interfejs: SATA III, Format: 3.5"", Prędkość obr.: 7200 obr./min",,,"1 855,00 zł","Ocena 6,00",https:/www.x-kom.pl/p/386454-dysk-hdd-wd-10tb-7200obr-256mb-red-pro.html
"Pojemność: 5000 GB, Interfejs: SATA III, Format: 2.5"", Prędkość obr.: 5400 obr./min",,,"909,00 zł",Ten produkt czeka na Twoją opinię,https:/www.x-kom.pl/p/339831-dysk-hdd-seagate-5tb-25-5400obr-128mb-barracuda.html
"Pojemność: 10000 GB, Interfejs: SATA III, Format: 3.5"", Prędkość obr.: 7200 obr./min",,,"1 625,00 zł",Ten produkt czeka na Twoją opinię,https:/www.x-kom.pl/p/320818-dysk-hdd-seagate-10tb-7200obr-256mb-barracuda-pro.html
"Pojemność: 2000 GB, Interfejs: SATA III, Format: 2.5"", Cache: 8 MB",,,"645,00 zł",Ten produkt czeka na Twoją opinię,https:/www.x-kom.pl/p/254262-dysk-hdd-wd-2tb-5400obr-8mb-blue.html
"Pojemność: 12000 GB, Interfejs: SATA III, Format: 3.5"", Prędkość obr.: 7200 obr./min",,,"2 159,00 zł",Ten produkt czeka na Twoją opinię,https:/www.x-kom.pl/p/468763-dysk-hdd-wd-western-digital-ultrastar-12tb.html
"Pojemność: 10000 GB, Interfejs: SATA III, Format: 3.5"", Prędkość obr.: 7200 obr./min",,,"1 799,00 zł",Ten produkt czeka na Twoją opinię,https:/www.x-kom.pl/p/468762-dysk-hdd-wd-western-digital-ultrastar-10tb.html
"Pojemność: 8000 GB, Interfejs: SATA III, Format: 3.5"", Prędkość obr.: 7200 obr./min",,,"1 399,00 zł",Ten produkt czeka na Twoją opinię,https:/www.x-kom.pl/p/468761-dysk-hdd-wd-western-digital-ultrastar-8tb.html
"Pojemność: 6000 GB, Interfejs: SATA III, Format: 3.5"", Prędkość obr.: 7200 obr./min",,,"1 169,00 zł",Ten produkt czeka na Twoją opinię,https:/www.x-kom.pl/p/462274-dysk-hdd-wd-western-digital-ultrastar-6tb.html
"Pojemność: 4000 GB, Interfejs: SATA III, Format: 3.5"", Prędkość obr.: 5400 obr./min",,,"529,00 zł","Ocena 1,00",https:/www.x-kom.pl/p/441923-dysk-hdd-toshiba-4tb-5400obr-128mb-s300-oem.html
"Pojemność: 12000 GB, Interfejs: SATA III, Format: 3.5"", Prędkość obr.: 7200 obr./min",,,"1 875,00 zł",Ten produkt czeka na Twoją opinię,https:/www.x-kom.pl/p/438430-dysk-hdd-wd-12tb-7200obr-256mb-purple-allframe-ai.html
"Pojemność: 6000 GB, Interfejs: SATA III, Format: 3.5"", Prędkość obr.: 7200 obr./min",,,"1 089,00 zł",Ten produkt czeka na Twoją opinię,https:/www.x-kom.pl/p/430254-dysk-hdd-seagate-6tb-7200obr-256mb-exos-7e8.html
"Pojemność: 3000 GB, Interfejs: SATA III, Format: 3.5"", Prędkość obr.: 7200 obr./min",,,"799,00 zł",Ten produkt czeka na Twoją opinię,https:/www.x-kom.pl/p/430251-dysk-hdd-seagate-3tb-7200obr-128mb-exos-7e8.html
"Pojemność: 2000 GB, Interfejs: SATA III, Format: 3.5"", Prędkość obr.: 7200 obr./min",,,"590,00 zł",Ten produkt czeka na Twoją opinię,https:/www.x-kom.pl/p/430248-dysk-hdd-seagate-2tb-7200obr-128mb-exos-7e8.html
"Pojemność: 1000 GB, Interfejs: SATA III, Format: 3.5"", Prędkość obr.: 7200 obr./min",,,"419,00 zł",Ten produkt czeka na Twoją opinię,https:/www.x-kom.pl/p/430247-dysk-hdd-seagate-1tb-7200obr-128mb-exos-7e8.html
"Pojemność: 10000 GB, Interfejs: SATA III, Format: 3.5"", Prędkość obr.: 7200 obr./min",,,"1 359,00 zł",Ten produkt czeka na Twoją opinię,https:/www.x-kom.pl/p/424285-dysk-hdd-toshiba-10tb-7200obr-256mb-x300.html
"Pojemność: 8000 GB, Interfejs: SATA III, Format: 3.5"", Prędkość obr.: 7200 obr./min",,,"1 059,00 zł",Ten produkt czeka na Twoją opinię,https:/www.x-kom.pl/p/424282-dysk-hdd-toshiba-8tb-7200obr-128mb-x300.html
"Pojemność: 12000 GB, Interfejs: SATA III, Format: 3.5"", Prędkość obr.: 7200 obr./min",,,"2 075,00 zł",Ten produkt czeka na Twoją opinię,https:/www.x-kom.pl/p/392497-dysk-hdd-seagate-12tb-7200obr-256mb-barracuda-pro.html
"Pojemność: 500 GB, Interfejs: SATA III, Format: 3.5"", Prędkość obr.: IntelliPower",,,"215,00 zł",Ten produkt czeka na Twoją opinię,https:/www.x-kom.pl/p/379683-dysk-hdd-wd-500gb-5400obr-64mb-purple.html
"Pojemność: 10000 GB, Interfejs: SATA III, Format: 3.5"", Prędkość obr.: 5400 obr./min",,,"1 489,00 zł",Ten produkt czeka na Twoją opinię,https:/www.x-kom.pl/p/365702-dysk-hdd-wd-10tb-5400obr-256mb-purple.html
features,name,new_price,old_price,rating,url
"Pojemność: 1000 GB, Interfejs: SATA III, Format: 3.5"", Prędkość obr.: 7200 obr./min",,,,"Ocena 5,44",https:/www.x-kom.pl/p/322520-dysk-hdd-toshiba-1tb-7200obr-64mb-p300-oem.html
"Pojemność: 1000 GB, Interfejs: SATA III, Format: 3.5"", Prędkość obr.: 7200 obr./min",,,,"Ocena 5,14",https:/www.x-kom.pl/p/81294-dysk-hdd-wd-1tb-7200obr-64mb-blue.html
"Pojemność: 1000 GB, Interfejs: SATA III, Format: 3.5"", Prędkość obr.: 7200 obr./min",,,,"Ocena 5,33",https:/www.x-kom.pl/p/335481-dysk-hdd-seagate-1tb-7200obr-64mb-barracuda.html
"Pojemność: 4000 GB, Interfejs: SATA III, Format: 3.5"", Prędkość obr.: IntelliPower",,,,"Ocena 5,57",https:/www.x-kom.pl/p/156834-dysk-hdd-wd-4tb-intellipower-64mb-red.html
"Pojemność: 3000 GB, Interfejs: SATA III, Format: 3.5"", Prędkość obr.: 7200 obr./min",,,,"Ocena 4,89",https:/www.x-kom.pl/p/323219-dysk-hdd-toshiba-3tb-7200obr-64mb-p300-oem.html
"Pojemność: 2000 GB, Interfejs: SATA III, Format: 3.5"", Prędkość obr.: 7200 obr./min",,,,"Ocena 5,71",https:/www.x-kom.pl/p/339357-dysk-hdd-toshiba-2tb-7200obr-64mb-p300-oem.html
"Pojemność: 2000 GB, Interfejs: SATA III, Format: 3.5"", Prędkość obr.: IntelliPower",,,,"Ocena 4,30",https:/www.x-kom.pl/p/103164-dysk-hdd-wd-2tb-intellipower-64mb-red.html
"Pojemność: 1000 GB, Interfejs: SATA III, Format: 2.5"", Prędkość obr.: 5400 obr./min",,,,"Ocena 6,00",https:/www.x-kom.pl/p/338374-dysk-hdd-seagate-1tb-25-5400obr-128mb-barracuda.html
"Pojemność: 2000 GB, Interfejs: SATA III, Format: 3.5"", Prędkość obr.: 7200 obr./min",,,,Ten produkt czeka na Twoją opinię,https:/www.x-kom.pl/p/461759-dysk-hdd-seagate-2tb-7200obr-256mb-barracuda.html
"Pojemność: 3000 GB, Interfejs: SATA III, Format: 3.5"", Prędkość obr.: IntelliPower",,,,"Ocena 5,88",https:/www.x-kom.pl/p/103165-dysk-hdd-wd-3tb-intellipower-64mb-red.html
"Pojemność: 1000 GB, Interfejs: SATA III, Format: 3.5"", Prędkość obr.: 7200 obr./min",,,,"Ocena 5,47",https:/www.x-kom.pl/p/256541-dysk-hdd-toshiba-1tb-7200obr-64mb-p300.html
"Pojemność: 2000 GB, Interfejs: SATA III, Format: 3.5"", Prędkość obr.: 5400 obr./min",,,,"Ocena 6,00",https:/www.x-kom.pl/p/367206-dysk-hdd-wd-2tb-intellipower-64mb-purple.html
"Pojemność: 4000 GB, Interfejs: SATA III, Format: 3.5"", Prędkość obr.: 5900 obr./min",,,,"Ocena 5,60",https:/www.x-kom.pl/p/337228-dysk-hdd-seagate-4tb-5900obr-64mb-ironwolf.html
"Pojemność: 2000 GB, Interfejs: SATA III, Format: 3.5"", Prędkość obr.: 5900 obr./min",,,,"Ocena 4,33",https:/www.x-kom.pl/p/337230-dysk-hdd-seagate-2tb-5900obr-64mb-ironwolf.html
"Pojemność: 2000 GB, Interfejs: SATA III, Format: 3.5"", Prędkość obr.: 5400 obr./min",,,,"Ocena 5,29",https:/www.x-kom.pl/p/254254-dysk-hdd-wd-2tb-5400obr-64mb-blue.html
"Pojemność: 2000 GB, Interfejs: SATA III, Format: 3.5"", Prędkość obr.: 7200 obr./min",,,,"Ocena 5,88",https:/www.x-kom.pl/p/256543-dysk-hdd-toshiba-2tb-7200obr-64mb-p300.html
"Pojemność: 500 GB, Interfejs: SATA III, Format: 2.5"", Prędkość obr.: 5400 obr./min",,,,"Ocena 6,00",https:/www.x-kom.pl/p/335475-dysk-hdd-seagate-500gb-5400obr-128mb-barracuda.html
"Pojemność: 4000 GB, Interfejs: SATA III, Format: 3.5"", Prędkość obr.: 5400 obr./min",,,,"Ocena 5,50",https:/www.x-kom.pl/p/367208-dysk-hdd-wd-4tb-intellipower-64mb-purple.html
"Pojemność: 1000 GB, Interfejs: SATA III, Format: 3.5"", Prędkość obr.: IntelliPower",,,,"Ocena 5,50",https:/www.x-kom.pl/p/103163-dysk-hdd-wd-1tb-intellipower-64mb-red.html
"Pojemność: 1000 GB, Interfejs: SATA III, Format: 2.5"", Prędkość obr.: 7200 obr./min",,,,"Ocena 6,00",https:/www.x-kom.pl/p/305450-dysk-hdd-wd-1tb-7200obr-32mb-black.html
"Pojemność: 6000 GB, Interfejs: SATA III, Format: 3.5"", Prędkość obr.: IntelliPower",,,,Ten produkt czeka na Twoją opinię,https:/www.x-kom.pl/p/204016-dysk-hdd-wd-6tb-intellipower-64mb-red.html
"Pojemność: 1000 GB, Interfejs: SATA III, Format: 2.5"", Prędkość obr.: 5400 obr./min",,,,Ten produkt czeka na Twoją opinię,https:/www.x-kom.pl/p/424246-dysk-hdd-wd-1tb-5400obr-128mb-blue-7mm.html
"Pojemność: 1000 GB, Interfejs: SATA III, Format: 3.5"", Prędkość obr.: 5400 obr./min",,,,"Ocena 4,33",https:/www.x-kom.pl/p/367205-dysk-hdd-wd-1tb-intellipower-64mb-purple.html
"Pojemność: 1000 GB, Interfejs: SATA III, Format: 2.5"", Prędkość obr.: 5400 obr./min",,,,"Ocena 6,00",https:/www.x-kom.pl/p/387070-dysk-hdd-hitachi-1tb-travelstar-z5k1000-7mm-5400obr.html
"Pojemność: 2000 GB, Interfejs: SATA III, Format: 2.5"", Prędkość obr.: 5400 obr./min",,,,"Ocena 6,00",https:/www.x-kom.pl/p/339129-dysk-hdd-seagate-2tb-5400obr-128mb-25-sshd-firecuda.html
"Pojemność: 2000 GB, Interfejs: SATA III, Format: 2.5"", Prędkość obr.: 5400 obr./min",,,,"Ocena 6,00",https:/www.x-kom.pl/p/338375-dysk-hdd-seagate-2tb-25-5400obr-128mb-barracuda.html
"Pojemność: 2000 GB, Interfejs: SATA III, Format: 3.5"", Prędkość obr.: 7200 obr./min",,,,"Ocena 6,00",https:/www.x-kom.pl/p/159700-dysk-hdd-wd-2tb-7200obr-64mb-black.html
"Pojemność: 1000 GB, Interfejs: SATA III, Format: 2.5"", Prędkość obr.: 5400 obr./min",,,,Ten produkt czeka na Twoją opinię,https:/www.x-kom.pl/p/430678-dysk-hdd-toshiba-1tb-5400obr-128mb-l200-mobile-7mm-oem.html
"Pojemność: 6000 GB, Interfejs: SATA III, Format: 3.5"", Prędkość obr.: 5400 obr./min",,,,Ten produkt czeka na Twoją opinię,https:/www.x-kom.pl/p/367209-dysk-hdd-wd-6tb-intellipower-64mb-purple.html
"Pojemność: 3000 GB, Interfejs: SATA III, Format: 3.5"", Prędkość obr.: 5900 obr./min",,,,"Ocena 5,67",https:/www.x-kom.pl/p/337229-dysk-hdd-seagate-3tb-5900obr-64mb-ironwolf.html
"Pojemność: 6000 GB, Interfejs: SATA III, Format: 3.5"", Prędkość obr.: 5760 obr./min",,,,Ten produkt czeka na Twoją opinię,https:/www.x-kom.pl/p/236487-dysk-hdd-wd-6tb-5760obr-128mb-re.html
"Pojemność: 5000 GB, Interfejs: SATA III, Format: 3.5"", Prędkość obr.: 5760 obr./min",,,,Ten produkt czeka na Twoją opinię,https:/www.x-kom.pl/p/236485-dysk-hdd-wd-5tb-5760obr-128mb-re.html
"Pojemność: 6000 GB, Interfejs: SATA III, Format: 3.5"", Prędkość obr.: 5760 obr./min",,,,Ten produkt czeka na Twoją opinię,https:/www.x-kom.pl/p/236484-dysk-hdd-wd-6tb-5760obr-64mb-ae.html
"Pojemność: 1000 GB, Interfejs: SATA II - 1 szt., Format: 2.5"", Prędkość obr.: 5400 obr./min",,,,"Ocena 4,60",https:/www.x-kom.pl/p/232297-dysk-hdd-wd-1tb-5400obr-8mb-box.html
"Pojemność: 6000 GB, Interfejs: SATA III, Format: 3.5"", Prędkość obr.: 7200 obr./min",,,,Ten produkt czeka na Twoją opinię,https:/www.x-kom.pl/p/231802-dysk-hdd-wd-6tb-7200obr-128mb-re.html
"Pojemność: 6000 GB, Interfejs: SATA III, Format: 3.5"", Prędkość obr.: 7200 obr./min",,,,Ten produkt czeka na Twoją opinię,https:/www.x-kom.pl/p/231801-dysk-hdd-wd-6tb-7200obr-128mb-se.html
"Pojemność: 5000 GB, Interfejs: SATA III, Format: 3.5"", Prędkość obr.: 7200 obr./min",,,,Ten produkt czeka na Twoją opinię,https:/www.x-kom.pl/p/231800-dysk-hdd-wd-5tb-7200obr-128mb-re.html
"Pojemność: 5000 GB, Interfejs: SATA III, Format: 3.5"", Prędkość obr.: 7200 obr./min",,,,Ten produkt czeka na Twoją opinię,https:/www.x-kom.pl/p/231799-dysk-hdd-wd-5tb-7200obr-128mb-se.html
"Pojemność: 3000 GB, Interfejs: SATA III, Format: 3.5"", Prędkość obr.: 7200 obr./min",,,,"Ocena 5,00",https:/www.x-kom.pl/p/229306-dysk-hdd-toshiba-3tb-7200obr-64mb.html
"Pojemność: 4000 GB, Interfejs: SATA III, Format: 3.5"", Prędkość obr.: 7200 obr./min",,,,Ten produkt czeka na Twoją opinię,https:/www.x-kom.pl/p/216852-dysk-hdd-seagate-4tb-7200obr-64mb.html
"Pojemność: 2000 GB, Interfejs: SATA III, Format: 3.5"", Prędkość obr.: IntelliPower",,,,Ten produkt czeka na Twoją opinię,https:/www.x-kom.pl/p/216789-dysk-hdd-wd-2tb-desktop-mainstream.html
"Pojemność: 3000 GB, Interfejs: SATA III, Format: 3.5"", Prędkość obr.: 7200 obr./min",,,,Ten produkt czeka na Twoją opinię,https:/www.x-kom.pl/p/204013-dysk-hdd-wd-3tb-7200obr-64mb-red-pro.html
"Pojemność: 4000 GB, Interfejs: SATA III, Format: 3.5"", Prędkość obr.: 7200 obr./min",,,,"Ocena 6,00",https:/www.x-kom.pl/p/159702-dysk-hdd-wd-4tb-7200obr-64mb-black.html
"Pojemność: 500 GB, Interfejs: SATA III, Format: 3.5"", Prędkość obr.: 7200 obr./min",,,,Ten produkt czeka na Twoją opinię,https:/www.x-kom.pl/p/156018-dysk-hdd-wd-500gb-7200obr-64mb-re.html
"Pojemność: 3000 GB, Interfejs: SATA III, Format: 3.5"", Prędkość obr.: IntelliPower",,,,Ten produkt czeka na Twoją opinię,https:/www.x-kom.pl/p/152831-dysk-hdd-wd-3tb-intellipower-64mb-av-gp.html
"Pojemność: 2000 GB, Interfejs: SATA III, Format: 2.5"", Prędkość obr.: 7200 obr./min",,,,Ten produkt czeka na Twoją opinię,https:/www.x-kom.pl/p/152387-dysk-hdd-wd-2tb-7200obr-8mb-15mm.html
"Pojemność: 750 GB, Interfejs: SATA III, Format: 2.5"", Prędkość obr.: 7200 obr./min",,,,Ten produkt czeka na Twoją opinię,https:/www.x-kom.pl/p/152384-dysk-hdd-wd-750gb-7200obr-16mb.html
"Pojemność: 250 GB, Interfejs: SATA III, Format: 2.5"", Prędkość obr.: 7200 obr./min",,,,Ten produkt czeka na Twoją opinię,https:/www.x-kom.pl/p/152381-dysk-hdd-wd-250gb-7200obr-16mb.html
"Pojemność: 1000 GB, Interfejs: SATA III, Format: 2.5"", Prędkość obr.: 5400 obr./min",,,,"Ocena 5,00",https:/www.x-kom.pl/p/138014-dysk-hdd-wd-1tb-5400obr-8mb.html
"Pojemność: 1000 GB, Interfejs: SATA II - 1 szt., Format: 2.5"", Prędkość obr.: 5400 obr./min",,,,Ten produkt czeka na Twoją opinię,https:/www.x-kom.pl/p/105783-dysk-hdd-wd-1tb-5400obr-16mb-av-25.html
"Pojemność: 500 GB, Interfejs: SATA III, Format: 3.5"", Prędkość obr.: 7200 obr./min",,,,"Ocena 6,00",https:/www.x-kom.pl/p/81767-dysk-hdd-wd-500gb-7200obr-64mb-black.html
"Pojemność: 750 GB, Interfejs: SATA III, Format: 3.5"", Prędkość obr.: 7200 obr./min",,,,"Ocena 6,00",https:/www.x-kom.pl/p/81295-dysk-hdd-wd-750gb-7200obr-64mb-blue.html
"Pojemność: 1000 GB, Interfejs: SATA III, Prędkość obr.: IntelliPower, Cache: 64 MB",,,,Ten produkt czeka na Twoją opinię,https:/www.x-kom.pl/p/74998-dysk-hdd-wd-1tb-intellipower-64mb-av-gp.html
"Pojemność: 1000 GB, Interfejs: SATA III, Format: 3.5"", Prędkość obr.: 7200 obr./min",,,,"Ocena 5,45",https:/www.x-kom.pl/p/159699-dysk-hdd-wd-1tb-7200obr-64mb-black.html
"Pojemność: 2000 GB, Interfejs: SATA III, Format: 2.5"", Prędkość obr.: 5400 obr./min",,,,Ten produkt czeka na Twoją opinię,https:/www.x-kom.pl/p/417513-dysk-hdd-wd-2tb-5400obr-128mb-blue-7mm.html
"Pojemność: 4000 GB, Interfejs: SATA III, Format: 3.5"", Prędkość obr.: 5400 obr./min",,,,"Ocena 6,00",https:/www.x-kom.pl/p/399469-dysk-hdd-seagate-4tb-5400obr-256mb-barracuda.html
"Pojemność: 3000 GB, Interfejs: SATA III, Format: 3.5"", Prędkość odczytu: 180 MB/s",,,,"Ocena 6,00",https:/www.x-kom.pl/p/337150-dysk-hdd-seagate-3tb-64mb-skyhawk.html
"Pojemność: 2000 GB, Interfejs: SATA III, Format: 3.5"", Prędkość obr.: 7200 obr./min",,,,"Ocena 6,00",https:/www.x-kom.pl/p/320821-dysk-hdd-seagate-2tb-7200obr-64mb-sshd-firecuda.html
"Pojemność: 8000 GB, Interfejs: SATA III, Format: 3.5"", Prędkość obr.: 7200 obr./min",,,,Ten produkt czeka na Twoją opinię,https:/www.x-kom.pl/p/337219-dysk-hdd-seagate-8tb-7200obr-256mb-ironwolf.html
"Pojemność: 6000 GB, Interfejs: SATA III, Format: 3.5"", Prędkość odczytu: 195 MB/s",,,,"Ocena 6,00",https:/www.x-kom.pl/p/337174-dysk-hdd-seagate-6tb-256mb-skyhawk.html
"Pojemność: 4000 GB, Interfejs: SATA III, Format: 3.5"", Prędkość obr.: 5400 obr./min",,,,Ten produkt czeka na Twoją opinię,https:/www.x-kom.pl/p/254256-dysk-hdd-wd-4tb-5400obr-64mb-blue.html
"Pojemność: 4000 GB, Interfejs: SATA III, Format: 3.5"", Prędkość obr.: 7200 obr./min",,,,"Ocena 3,00",https:/www.x-kom.pl/p/429587-dysk-hdd-wd-4tb-7200obr-256mb-black.html
"Pojemność: 4000 GB, Interfejs: SATA III, Format: 3.5"", Prędkość obr.: 7200 obr./min",,,,Ten produkt czeka na Twoją opinię,https:/www.x-kom.pl/p/424242-dysk-hdd-wd-4tb-7200obr-256mb-red-pro.html
"Pojemność: 6000 GB, Interfejs: SATA III, Format: 3.5"", Prędkość obr.: 7200 obr./min",,,,"Ocena 6,00",https:/www.x-kom.pl/p/409112-dysk-hdd-seagate-6tb-7200obr-256mb-ironwolf.html
"Pojemność: 4000 GB, Interfejs: SATA III, Format: 3.5"", Prędkość obr.: 7200 obr./min",,,,"Ocena 4,00",https:/www.x-kom.pl/p/341408-dysk-hdd-toshiba-4tb-7200obr-128mb-x300-oem.html
"Pojemność: 8000 GB, Interfejs: SATA III, Format: 3.5"", Prędkość obr.: 5400 obr./min",,,,Ten produkt czeka na Twoją opinię,https:/www.x-kom.pl/p/429345-dysk-hdd-wd-8tb-256mb-red-nas.html
"Pojemność: 1000 GB, Interfejs: SATA III, Format: 3.5"", Prędkość obr.: 7200 obr./min",,,,Ten produkt czeka na Twoją opinię,https:/www.x-kom.pl/p/335485-dysk-hdd-seagate-1tb-64mb-skyhawk.html
"Pojemność: 2000 GB, Interfejs: SATA III, Format: 3.5"", Prędkość obr.: 7200 obr./min",,,,"Ocena 6,00",https:/www.x-kom.pl/p/314398-dysk-hdd-wd-2tb-7200obr-64mb-red-pro.html
"Pojemność: 1000 GB, Interfejs: SATA III, Format: 3.5"", Prędkość obr.: 5900 obr./min",,,,Ten produkt czeka na Twoją opinię,https:/www.x-kom.pl/p/337232-dysk-hdd-seagate-1tb-5900obr-64mb-ironwolf.html
"Pojemność: 1000 GB, Interfejs: SATA III, Format: 2.5"", Prędkość obr.: 5400 obr./min",,,,"Ocena 6,00",https:/www.x-kom.pl/p/339128-dysk-hdd-seagate-1tb-5400obr-128mb-25-sshd-firecuda.html
"Pojemność: 8000 GB, Interfejs: SATA III, Format: 3.5"", Prędkość obr.: 5400 obr./min",,,,Ten produkt czeka na Twoją opinię,https:/www.x-kom.pl/p/367210-dysk-hdd-wd-8tb-5400obr-128mb-purple.html
"Pojemność: 3000 GB, Interfejs: SATA III, Format: 3.5"", Prędkość obr.: 5400 obr./min",,,,"Ocena 6,00",https:/www.x-kom.pl/p/367207-dysk-hdd-wd-3tb-intellipower-64mb-purple.html
"Pojemność: 2000 GB, Interfejs: SATA III, Format: 3.5"", Prędkość odczytu: 180 MB/s",,,,Ten produkt czeka na Twoją opinię,https:/www.x-kom.pl/p/337147-dysk-hdd-seagate-2tb-64mb-skyhawk.html
"Pojemność: 500 GB, Interfejs: SATA III, Format: 3.5"", Prędkość obr.: 7200 obr./min",,,,Ten produkt czeka na Twoją opinię,https:/www.x-kom.pl/p/323218-dysk-hdd-toshiba-500gb-7200obr-64mb-p300-oem.html
"Pojemność: 1000 GB, Interfejs: SATA III, Format: 3.5"", Prędkość obr.: 5400 obr./min",,,,Ten produkt czeka na Twoją opinię,https:/www.x-kom.pl/p/254253-dysk-hdd-wd-1tb-5400obr-64mb-blue.html
"Pojemność: 500 GB, Interfejs: SATA III, Format: 2.5"", Prędkość obr.: 7200 obr./min",,,,Ten produkt czeka na Twoją opinię,https:/www.x-kom.pl/p/387074-dysk-hdd-hitachi-500gb-travelstar-z7k500b-7mm-7200obr.html
"Pojemność: 1000 GB, Interfejs: SATA III, Format: 3.5"", Prędkość obr.: 7200 obr./min",,,,Ten produkt czeka na Twoją opinię,https:/www.x-kom.pl/p/468758-dysk-hdd-wd-western-digital-ultrastar-1tb.html
"Pojemność: 500 GB, Interfejs: SATA III, Format: 2.5"", Prędkość obr.: 7200 obr./min",,,,"Ocena 6,00",https:/www.x-kom.pl/p/220271-dysk-hdd-wd-500gb-7200obr-32mb-black.html
"Pojemność: 3000 GB, Interfejs: SATA III, Format: 3.5"", Prędkość obr.: 5400 obr./min",,,,Ten produkt czeka na Twoją opinię,https:/www.x-kom.pl/p/434505-dysk-hdd-seagate-3tb-5400obr-256mb-barracuda.html
"Pojemność: 2000 GB, Interfejs: SATA III, Format: 2.5"", Prędkość obr.: 5400 obr./min",,,,"Ocena 6,00",https:/www.x-kom.pl/p/430680-dysk-hdd-toshiba-2tb-5400obr-128mb-l200-mobile.html
"Pojemność: 10000 GB, Interfejs: SATA III, Format: 3.5"", Prędkość obr.: 7200 obr./min",,,,Ten produkt czeka na Twoją opinię,https:/www.x-kom.pl/p/339140-dysk-hdd-seagate-10tb-7200obr-256mb-ironwolf-pro.html
"Pojemność: 500 GB, Interfejs: SATA III, Format: 2.5"", Prędkość obr.: 5400 obr./min",,,,Ten produkt czeka na Twoją opinię,https:/www.x-kom.pl/p/339127-dysk-hdd-seagate-500gb-5400obr-128mb-25-sshd-firecuda.html
"Pojemność: 500 GB, Interfejs: SATA III, Format: 2.5"", Prędkość obr.: 5400 obr./min",,,,"Ocena 4,71",https:/www.x-kom.pl/p/216853-dysk-hdd-hitachi-500gb-5400obr-8mb-travelstar-z5k5-7mm.html
"Pojemność: 8000 GB, Interfejs: SATA III, Format: 3.5"", Prędkość obr.: 7200 obr./min",,,,Ten produkt czeka na Twoją opinię,https:/www.x-kom.pl/p/361766-dysk-hdd-toshiba-8tb-7200obr-128mb-n300-nas.html
"Pojemność: 8000 GB, Interfejs: SATA III, Format: 3.5"", Prędkość obr.: 7200 obr./min",,,,Ten produkt czeka na Twoją opinię,https:/www.x-kom.pl/p/361764-dysk-hdd-toshiba-8tb-7200obr-128mb-n300-nas-oem.html
"Pojemność: 6000 GB, Interfejs: SATA III, Format: 3.5"", Prędkość obr.: 7200 obr./min",,,,Ten produkt czeka na Twoją opinię,https:/www.x-kom.pl/p/348922-dysk-hdd-toshiba-6tb-7200obr-128mb-n300-nas.html
"Pojemność: 1000 GB, Interfejs: SATA III, Format: 2.5"", Prędkość obr.: 5400 obr./min",,,,Ten produkt czeka na Twoją opinię,https:/www.x-kom.pl/p/343932-dysk-hdd-toshiba-1tb-5400obr-64mb-sshd-h200.html
"Pojemność: 6000 GB, Interfejs: SATA III, Format: 3.5"", Prędkość obr.: 7200 obr./min",,,,Ten produkt czeka na Twoją opinię,https:/www.x-kom.pl/p/342747-dysk-hdd-wd-6tb-7200obr-128mb-black.html
"Pojemność: 600 GB, Interfejs: SAS - 1 szt., Format: 2.5"", Prędkość obr.: 15000 obr./min",,,,Ten produkt czeka na Twoją opinię,https:/www.x-kom.pl/p/341217-dysk-hdd-seagate-600gb-15000obr-128mb-enterprise-sas.html
"Pojemność: 8000 GB, Interfejs: SATA III, Format: 3.5"", Prędkość obr.: 7200 obr./min",,,,Ten produkt czeka na Twoją opinię,https:/www.x-kom.pl/p/339139-dysk-hdd-seagate-8tb-7200obr-256mb-ironwolf-pro.html
"Pojemność: 6000 GB, Interfejs: SATA III, Format: 3.5"", Prędkość obr.: 7200 obr./min",,,,Ten produkt czeka na Twoją opinię,https:/www.x-kom.pl/p/339137-dysk-hdd-seagate-6tb-7200obr-256mb-ironwolf-pro.html
"Pojemność: 6000 GB, Interfejs: SATA III, Format: 3.5"", Prędkość obr.: 7200 obr./min",,,,Ten produkt czeka na Twoją opinię,https:/www.x-kom.pl/p/337226-dysk-hdd-seagate-6tb-7200obr-128mb-ironwolf.html
"Pojemność: 7000 GB, Interfejs: SATA III, Format: 3.5"", Prędkość obr.: 7200 obr./min",,,,Ten produkt czeka na Twoją opinię,https:/www.x-kom.pl/p/337222-dysk-hdd-seagate-7tb-7200obr-256mb-ironwolf.html
"Pojemność: 500 GB, Interfejs: SATA III, Format: 2.5"", Prędkość obr.: 5400 obr./min",,,,"Ocena 5,50",https:/www.x-kom.pl/p/322599-dysk-hdd-hitachi-500gb-5400obr-16mb-travelstar-z5k500b-7mm.html
"Pojemność: 4000 GB, Interfejs: SATA III, Format: 3.5"", Prędkość obr.: 7200 obr./min",,,,Ten produkt czeka na Twoją opinię,https:/www.x-kom.pl/p/320833-dysk-hdd-wd-4tb-7200obr-128mb-black.html
"Pojemność: 2000 GB, Interfejs: SATA III, Format: 3.5"", Prędkość obr.: 7200 obr./min",,,,Ten produkt czeka na Twoją opinię,https:/www.x-kom.pl/p/317672-dysk-hdd-wd-2tb-7200obr-128mb-re.html
"Pojemność: 4000 GB, Interfejs: SATA III, Format: 2.5"", Prędkość obr.: 5400 obr./min",,,,Ten produkt czeka na Twoją opinię,https:/www.x-kom.pl/p/301030-dysk-hdd-seagate-4tb-5400obr-128mb.html
"Pojemność: 8000 GB, Interfejs: SATA III, Format: 3.5"", Prędkość obr.: 5400 obr./min",,,,Ten produkt czeka na Twoją opinię,https:/www.x-kom.pl/p/294037-dysk-hdd-wd-8tb-5400obr-128mb-purple.html
"Pojemność: 6000 GB, Interfejs: SATA III, Format: 3.5"", Prędkość obr.: 7200 obr./min",,,,Ten produkt czeka na Twoją opinię,https:/www.x-kom.pl/p/293485-dysk-hdd-wd-6tb-7200obr-128mb-red-pro-nas.html
"Pojemność: 6000 GB, Interfejs: SATA III, Format: 3.5"", Prędkość obr.: 7200 obr./min",,,,Ten produkt czeka na Twoją opinię,https:/www.x-kom.pl/p/264309-dysk-hdd-wd-6tb-7200obr-128mb-re.html
"Pojemność: 4000 GB, Interfejs: SATA III, Format: 3.5"", Prędkość obr.: 7200 obr./min",,,,Ten produkt czeka na Twoją opinię,https:/www.x-kom.pl/p/262669-dysk-hdd-toshiba-4tb-7200obr-64mb-nearline.html
"Pojemność: 3000 GB, Interfejs: SATA III, Format: 3.5"", Prędkość obr.: 7200 obr./min",,,,Ten produkt czeka na Twoją opinię,https:/www.x-kom.pl/p/262668-dysk-hdd-toshiba-3tb-7200obr-64mb-nearline.html
"Pojemność: 1000 GB, Interfejs: SATA III, Format: 2.5"", Prędkość obr.: 5400 obr./min",,,,"Ocena 5,50",https:/www.x-kom.pl/p/258495-dysk-hdd-toshiba-1tb-5400obr-8mb-l200.html
"Pojemność: 4000 GB, Interfejs: SATA III, Format: 3.5"", Prędkość obr.: 7200 obr./min",,,,Ten produkt czeka na Twoją opinię,https:/www.x-kom.pl/p/258397-dysk-hdd-toshiba-4tb-7200obr-128mb-x300.html
"Pojemność: 4000 GB, Interfejs: SATA III, Format: 3.5"", Prędkość obr.: 7200 obr./min",,,,Ten produkt czeka na Twoją opinię,https:/www.x-kom.pl/p/257465-dysk-hdd-hitachi-internal-drive-kit-4tb-35-7200obr.html
"Pojemność: 3000 GB, Interfejs: SATA III, Format: 3.5"", Prędkość obr.: 5940 obr./min",,,,"Ocena 6,00",https:/www.x-kom.pl/p/256544-dysk-hdd-toshiba-3tb-5940obr-64mb-e300.html
"Pojemność: 2000 GB, Interfejs: SATA III, Format: 3.5"", Prędkość obr.: 5700 obr./min",,,,Ten produkt czeka na Twoją opinię,https:/www.x-kom.pl/p/256542-dysk-hdd-toshiba-2tb-5700obr-64mb-e300.html
"Pojemność: 6000 GB, Interfejs: SATA III, Format: 3.5"", Prędkość obr.: 7200 obr./min",,,,Ten produkt czeka na Twoją opinię,https:/www.x-kom.pl/p/256110-dysk-hdd-seagate-6tb-7200obr-128mb.html
"Pojemność: 5000 GB, Interfejs: SATA III, Format: 3.5"", Prędkość obr.: 7200 obr./min",,,,"Ocena 5,00",https:/www.x-kom.pl/p/256109-dysk-hdd-seagate-5tb-7200obr-128mb.html
"Pojemność: 5000 GB, Interfejs: SATA III, Format: 3.5"", Prędkość obr.: 5900 obr./min",,,,Ten produkt czeka na Twoją opinię,https:/www.x-kom.pl/p/255466-dysk-hdd-seagate-5tb-5900obr-128mb-archive.html
"Pojemność: 5000 GB, Interfejs: SATA III, Format: 3.5"", Prędkość obr.: 7200 obr./min",,,,Ten produkt czeka na Twoją opinię,https:/www.x-kom.pl/p/255463-dysk-hdd-wd-5tb-7200obr-128mb-red-pro.html
"Pojemność: 5000 GB, Interfejs: SATA III, Format: 3.5"", Prędkość obr.: 5400 obr./min",,,,Ten produkt czeka na Twoją opinię,https:/www.x-kom.pl/p/254257-dysk-hdd-wd-5tb-5400obr-64mb-blue.html
"Pojemność: 500 GB, Interfejs: SATA II - 1 szt., Format: 2.5"", Prędkość obr.: 5400 obr./min",,,,Ten produkt czeka na Twoją opinię,https:/www.x-kom.pl/p/250289-dysk-hdd-wd-500gb-5400obr-8mb.html
"Pojemność: 2000 GB, Interfejs: SATA III, Format: 3.5"", Prędkość obr.: IntelliPower",,,,"Ocena 5,00",https:/www.x-kom.pl/p/152830-dysk-hdd-wd-2tb-intellipower-64mb-av-gp.html
"Pojemność: 6000 GB, Interfejs: SATA III, Format: 3.5"", Prędkość obr.: 7200 obr./min",,,,"Ocena 3,33",https:/www.x-kom.pl/p/429591-dysk-hdd-wd-6tb-7200obr-256mb-black.html
"Pojemność: 10000 GB, Interfejs: SATA III, Format: 3.5"", Prędkość obr.: 5400 obr./min",,,,Ten produkt czeka na Twoją opinię,https:/www.x-kom.pl/p/386445-dysk-hdd-wd-10tb-5400obr-256mb-red.html
"Pojemność: 4000 GB, Interfejs: SATA III, Format: 3.5"", Prędkość obr.: 7200 obr./min",,,,"Ocena 5,00",https:/www.x-kom.pl/p/348921-dysk-hdd-toshiba-4tb-7200obr-128mb-n300-nas-oem.html
"Pojemność: 8000 GB, Interfejs: SATA III, Format: 3.5"", Prędkość odczytu: 210 MB/s",,,,Ten produkt czeka na Twoją opinię,https:/www.x-kom.pl/p/337175-dysk-hdd-seagate-8tb-256mb-skyhawk.html
"Pojemność: 10000 GB, Interfejs: SATA III, Format: 3.5"", Prędkość obr.: 7200 obr./min",,,,Ten produkt czeka na Twoją opinię,https:/www.x-kom.pl/p/320832-dysk-hdd-seagate-10tb-7200obr-256mb-ironwolf.html
"Pojemność: 1000 GB, Interfejs: SATA III, Format: 3.5"", Prędkość obr.: 7200 obr./min",,,,"Ocena 5,67",https:/www.x-kom.pl/p/320820-dysk-hdd-seagate-1tb-7200obr-64mb-sshd-firecuda.html
"Pojemność: 1000 GB, Interfejs: SATA III, Format: 2.5"", Prędkość obr.: IntelliPower",,,,"Ocena 6,00",https:/www.x-kom.pl/p/157119-dysk-hdd-wd-1tb-intellipower-16mb-red.html
"Pojemność: 1000 GB, Interfejs: SATA III, Format: 2.5"", Prędkość obr.: 5400 obr./min",,,,Ten produkt czeka na Twoją opinię,https:/www.x-kom.pl/p/430672-dysk-hdd-toshiba-1tb-5400obr-128mb-l200-mobile-7mm.html
"Pojemność: 8000 GB, Interfejs: SATA III, Format: 3.5"", Prędkość obr.: 7200 obr./min",,,,Ten produkt czeka na Twoją opinię,https:/www.x-kom.pl/p/429612-dysk-hdd-wd-8tb-7200obr-256mb-red-pro.html
"Pojemność: 6000 GB, Interfejs: SATA III, Format: 3.5"", Prędkość obr.: 7200 obr./min",,,,Ten produkt czeka na Twoją opinię,https:/www.x-kom.pl/p/424519-dysk-hdd-wd-6tb-7200obr-256mb-red-pro-nas.html
"Pojemność: 4000 GB, Interfejs: SATA III, Format: 3.5"", Prędkość obr.: 7200 obr./min",,,,"Ocena 5,33",https:/www.x-kom.pl/p/370877-dysk-hdd-seagate-4tb-7200obr-128mb-barracuda-pro.html
"Pojemność: 4000 GB, Interfejs: SATA III, Format: 3.5"", Prędkość odczytu: 190 MB/s",,,,Ten produkt czeka na Twoją opinię,https:/www.x-kom.pl/p/337171-dysk-hdd-seagate-4tb-64mb-skyhawk.html
"Pojemność: 500 GB, Interfejs: SATA III, Format: 3.5"", Prędkość obr.: 7200 obr./min",,,,"Ocena 6,00",https:/www.x-kom.pl/p/320809-dysk-hdd-seagate-500gb-7200obr-32mb-barracuda.html
"Pojemność: 500 GB, Interfejs: SATA III, Prędkość obr.: 5400 obr./min, Cache: 16 MB",,,,Ten produkt czeka na Twoją opinię,https:/www.x-kom.pl/p/254261-dysk-hdd-wd-500gb-5400obr-16mb-blue.html
"Pojemność: 3000 GB, Interfejs: SATA III, Format: 3.5"", Prędkość obr.: 5400 obr./min",,,,Ten produkt czeka na Twoją opinię,https:/www.x-kom.pl/p/254255-dysk-hdd-wd-3tb-5400obr-64mb-blue.html
"Pojemność: 2000 GB, Interfejs: SATA III, Format: 3.5"", Prędkość obr.: 7200 obr./min",,,,"Ocena 5,14",https:/www.x-kom.pl/p/229305-dysk-hdd-toshiba-2tb-7200obr-64mb.html
"Pojemność: 8000 GB, Interfejs: SATA III, Format: 3.5"", Prędkość obr.: 7200 obr./min",,,,Ten produkt czeka na Twoją opinię,https:/www.x-kom.pl/p/465745-dysk-hdd-seagate-enterprise-capacity-8tb-35.html
"Pojemność: 2000 GB, Interfejs: SATA III, Format: 2.5"", Prędkość obr.: 5400 obr./min",,,,Ten produkt czeka na Twoją opinię,https:/www.x-kom.pl/p/430682-dysk-hdd-toshiba-2tb-5400obr-128mb-l200-mobile-oem.html
"Pojemność: 4000 GB, Interfejs: SATA III, Format: 2.5"", Prędkość obr.: 5400 obr./min",,,,Ten produkt czeka na Twoją opinię,https:/www.x-kom.pl/p/339830-dysk-hdd-seagate-4tb-25-5400obr-128mb-barracuda.html
"Pojemność: 3000 GB, Interfejs: SATA III, Format: 2.5"", Prędkość obr.: 5400 obr./min",,,,Ten produkt czeka na Twoją opinię,https:/www.x-kom.pl/p/339828-dysk-hdd-seagate-3tb-25-5400obr-128mb-barracuda.html
"Pojemność: 2000 GB, Interfejs: SATA III, Format: 3.5"", Prędkość obr.: 7200 obr./min",,,,Ten produkt czeka na Twoją opinię,https:/www.x-kom.pl/p/339134-dysk-hdd-seagate-2tb-7200obr-128mb-ironwolf-pro.html
"Pojemność: 6000 GB, Interfejs: SATA III, Format: 3.5"", Prędkość obr.: 7200 obr./min",,,,Ten produkt czeka na Twoją opinię,https:/www.x-kom.pl/p/294056-dysk-hdd-toshiba-6tb-7200obr-128mb-x300.html
"Pojemność: 500 GB, Interfejs: SATA III, Format: 3.5"", Prędkość obr.: 7200 obr./min",,,,Ten produkt czeka na Twoją opinię,https:/www.x-kom.pl/p/256540-dysk-hdd-toshiba-500gb-7200obr-64mb-p300.html
"Pojemność: 6000 GB, Interfejs: SATA III, Format: 3.5"", Prędkość obr.: 5400 obr./min",,,,Ten produkt czeka na Twoją opinię,https:/www.x-kom.pl/p/254258-dysk-hdd-wd-6tb-5400obr-64mb-blue.html
"Pojemność: 4000 GB, Interfejs: SATA III, Format: 3.5"", Prędkość obr.: 7200 obr./min",,,,Ten produkt czeka na Twoją opinię,https:/www.x-kom.pl/p/468760-dysk-hdd-wd-western-digital-ultrastar-4tb.html
"Pojemność: 2000 GB, Interfejs: SATA III, Format: 3.5"", Prędkość obr.: 7200 obr./min",,,,Ten produkt czeka na Twoją opinię,https:/www.x-kom.pl/p/468759-dysk-hdd-wd-western-digital-ultrastar-2tb.html
"Pojemność: 10000 GB, Interfejs: SATA III, Format: 3.5"", Prędkość obr.: 7200 obr./min",,,,Ten produkt czeka na Twoją opinię,https:/www.x-kom.pl/p/465749-dysk-hdd-seagate-enterprise-capacity-10tb-35.html
"Pojemność: 1000 GB, Interfejs: SATA III, Format: 3.5"", Prędkość obr.: 7200 obr./min",,,,Ten produkt czeka na Twoją opinię,https:/www.x-kom.pl/p/465731-dysk-hdd-seagate-enterprise-capacity-1tb-35.html
"Pojemność: 8000 GB, Interfejs: SATA III, Format: 3.5"", Prędkość obr.: 7200 obr./min",,,,Ten produkt czeka na Twoją opinię,https:/www.x-kom.pl/p/424210-dysk-hdd-seagate-8tb-7200obr-256mb-ironwolf-pro.html
"Pojemność: 6000 GB, Interfejs: SATA III, Format: 3.5"", Prędkość obr.: 7200 obr./min",,,,Ten produkt czeka na Twoją opinię,https:/www.x-kom.pl/p/424207-dysk-hdd-seagate-6tb-7200obr-256mb-ironwolf-pro.html
"Pojemność: 8000 GB, Interfejs: SATA III, Format: 3.5"", Prędkość obr.: 7200 obr./min",,,,Ten produkt czeka na Twoją opinię,https:/www.x-kom.pl/p/417976-dysk-hdd-seagate-8tb-7200obr-256mb-barracuda-pro.html
"Pojemność: 2000 GB, Interfejs: SATA III, Format: 3.5"", Prędkość obr.: 7200 obr./min",,,,Ten produkt czeka na Twoją opinię,https:/www.x-kom.pl/p/370875-dysk-hdd-seagate-2tb-7200obr-128mb-barracuda-pro.html
"Pojemność: 4000 GB, Interfejs: SATA III, Format: 3.5"", Prędkość obr.: 7200 obr./min",,,,"Ocena 6,00",https:/www.x-kom.pl/p/339136-dysk-hdd-seagate-4tb-7200obr-128mb-ironwolf-pro.html
"Pojemność: 10000 GB, Interfejs: SATA III, Format: 3.5"", Prędkość obr.: 7200 obr./min",,,,Ten produkt czeka na Twoją opinię,https:/www.x-kom.pl/p/320827-dysk-hdd-seagate-10tb-256mb-skyhawk.html
"Pojemność: 500 GB, Interfejs: SATA III, Format: 3.5"", Prędkość obr.: 7200 obr./min",,,,"Ocena 6,00",https:/www.x-kom.pl/p/276126-dysk-hdd-wd-500gb-7200obr-32mb-blue.html
"Pojemność: 10000 GB, Interfejs: SATA III, Format: 3.5"", Prędkość obr.: 7200 obr./min",,,,Ten produkt czeka na Twoją opinię,https:/www.x-kom.pl/p/438428-dysk-hdd-wd-10tb-7200obr-256mb-purple-allframe-ai.html
"Pojemność: 4000 GB, Interfejs: SATA III, Format: 3.5"", Prędkość obr.: 7200 obr./min",,,,Ten produkt czeka na Twoją opinię,https:/www.x-kom.pl/p/430252-dysk-hdd-seagate-4tb-7200obr-128mb-exos-7e8.html
"Pojemność: 10000 GB, Interfejs: SATA III, Format: 3.5"", Prędkość obr.: 7200 obr./min",,,,Ten produkt czeka na Twoją opinię,https:/www.x-kom.pl/p/424286-dysk-hdd-toshiba-10tb-7200obr-256mb-n300-nas.html
"Pojemność: 12000 GB, Interfejs: SATA III, Format: 3.5"", Prędkość obr.: 7200 obr./min",,,,Ten produkt czeka na Twoją opinię,https:/www.x-kom.pl/p/392500-dysk-hdd-seagate-12tb-7200obr-256mb-ironwolf-pro.html
"Pojemność: 12000 GB, Interfejs: SATA III, Format: 3.5"", Prędkość obr.: 7200 obr./min",,,,Ten produkt czeka na Twoją opinię,https:/www.x-kom.pl/p/392499-dysk-hdd-seagate-12tb-7200obr-256mb-ironwolf.html
"Pojemność: 10000 GB, Interfejs: SATA III, Format: 3.5"", Prędkość obr.: 7200 obr./min",,,,"Ocena 6,00",https:/www.x-kom.pl/p/386454-dysk-hdd-wd-10tb-7200obr-256mb-red-pro.html
"Pojemność: 5000 GB, Interfejs: SATA III, Format: 2.5"", Prędkość obr.: 5400 obr./min",,,,Ten produkt czeka na Twoją opinię,https:/www.x-kom.pl/p/339831-dysk-hdd-seagate-5tb-25-5400obr-128mb-barracuda.html
"Pojemność: 10000 GB, Interfejs: SATA III, Format: 3.5"", Prędkość obr.: 7200 obr./min",,,,Ten produkt czeka na Twoją opinię,https:/www.x-kom.pl/p/320818-dysk-hdd-seagate-10tb-7200obr-256mb-barracuda-pro.html
"Pojemność: 2000 GB, Interfejs: SATA III, Format: 2.5"", Cache: 8 MB",,,,Ten produkt czeka na Twoją opinię,https:/www.x-kom.pl/p/254262-dysk-hdd-wd-2tb-5400obr-8mb-blue.html
"Pojemność: 12000 GB, Interfejs: SATA III, Format: 3.5"", Prędkość obr.: 7200 obr./min",,,,Ten produkt czeka na Twoją opinię,https:/www.x-kom.pl/p/468763-dysk-hdd-wd-western-digital-ultrastar-12tb.html
"Pojemność: 10000 GB, Interfejs: SATA III, Format: 3.5"", Prędkość obr.: 7200 obr./min",,,,Ten produkt czeka na Twoją opinię,https:/www.x-kom.pl/p/468762-dysk-hdd-wd-western-digital-ultrastar-10tb.html
"Pojemność: 8000 GB, Interfejs: SATA III, Format: 3.5"", Prędkość obr.: 7200 obr./min",,,,Ten produkt czeka na Twoją opinię,https:/www.x-kom.pl/p/468761-dysk-hdd-wd-western-digital-ultrastar-8tb.html
"Pojemność: 6000 GB, Interfejs: SATA III, Format: 3.5"", Prędkość obr.: 7200 obr./min",,,,Ten produkt czeka na Twoją opinię,https:/www.x-kom.pl/p/462274-dysk-hdd-wd-western-digital-ultrastar-6tb.html
"Pojemność: 4000 GB, Interfejs: SATA III, Format: 3.5"", Prędkość obr.: 5400 obr./min",,,,"Ocena 1,00",https:/www.x-kom.pl/p/441923-dysk-hdd-toshiba-4tb-5400obr-128mb-s300-oem.html
"Pojemność: 12000 GB, Interfejs: SATA III, Format: 3.5"", Prędkość obr.: 7200 obr./min",,,,Ten produkt czeka na Twoją opinię,https:/www.x-kom.pl/p/438430-dysk-hdd-wd-12tb-7200obr-256mb-purple-allframe-ai.html
"Pojemność: 6000 GB, Interfejs: SATA III, Format: 3.5"", Prędkość obr.: 7200 obr./min",,,,Ten produkt czeka na Twoją opinię,https:/www.x-kom.pl/p/430254-dysk-hdd-seagate-6tb-7200obr-256mb-exos-7e8.html
"Pojemność: 3000 GB, Interfejs: SATA III, Format: 3.5"", Prędkość obr.: 7200 obr./min",,,,Ten produkt czeka na Twoją opinię,https:/www.x-kom.pl/p/430251-dysk-hdd-seagate-3tb-7200obr-128mb-exos-7e8.html
"Pojemność: 2000 GB, Interfejs: SATA III, Format: 3.5"", Prędkość obr.: 7200 obr./min",,,,Ten produkt czeka na Twoją opinię,https:/www.x-kom.pl/p/430248-dysk-hdd-seagate-2tb-7200obr-128mb-exos-7e8.html
"Pojemność: 1000 GB, Interfejs: SATA III, Format: 3.5"", Prędkość obr.: 7200 obr./min",,,,Ten produkt czeka na Twoją opinię,https:/www.x-kom.pl/p/430247-dysk-hdd-seagate-1tb-7200obr-128mb-exos-7e8.html
"Pojemność: 10000 GB, Interfejs: SATA III, Format: 3.5"", Prędkość obr.: 7200 obr./min",,,,Ten produkt czeka na Twoją opinię,https:/www.x-kom.pl/p/424285-dysk-hdd-toshiba-10tb-7200obr-256mb-x300.html
"Pojemność: 8000 GB, Interfejs: SATA III, Format: 3.5"", Prędkość obr.: 7200 obr./min",,,,Ten produkt czeka na Twoją opinię,https:/www.x-kom.pl/p/424282-dysk-hdd-toshiba-8tb-7200obr-128mb-x300.html
"Pojemność: 12000 GB, Interfejs: SATA III, Format: 3.5"", Prędkość obr.: 7200 obr./min",,,,Ten produkt czeka na Twoją opinię,https:/www.x-kom.pl/p/392497-dysk-hdd-seagate-12tb-7200obr-256mb-barracuda-pro.html
"Pojemność: 500 GB, Interfejs: SATA III, Format: 3.5"", Prędkość obr.: IntelliPower",,,,Ten produkt czeka na Twoją opinię,https:/www.x-kom.pl/p/379683-dysk-hdd-wd-500gb-5400obr-64mb-purple.html
"Pojemność: 10000 GB, Interfejs: SATA III, Format: 3.5"", Prędkość obr.: 5400 obr./min",,,,Ten produkt czeka na Twoją opinię,https:/www.x-kom.pl/p/365702-dysk-hdd-wd-10tb-5400obr-256mb-purple.html
